id,name,ability,type,classfication,hp,attack,defense,sp_attack,sp_defense,speed,pokedex_number,capture_rate,height_m,weight_kg,generation,is_legendary,percentage_male,experience_growth,image
1,Bulbasaur,Overgrow,grass,Seed Pokemon,45,49,49,65,65,45,1,45,0.7,6.9,1,0,88.1,1059860,https://raw.githubusercontent.com/PokeAPI/sprites/master/sprites/pokemon/1.png
2,Ivysaur,Overgrow,grass,Seed Pokemon,60,62,63,80,80,60,2,45,1,13,1,0,88.1,1059860,https://raw.githubusercontent.com/PokeAPI/sprites/master/sprites/pokemon/2.png
3,Venusaur,Overgrow,grass,Seed Pokemon,80,100,123,122,120,80,3,45,2,100,1,0,88.1,1059860,https://raw.githubusercontent.com/PokeAPI/sprites/master/sprites/pokemon/3.png
4,Charmander,Blaze,fire,Lizard Pokemon,39,52,43,60,50,65,4,45,0.6,8.5,1,0,88.1,1059860,https://raw.githubusercontent.com/PokeAPI/sprites/master/sprites/pokemon/4.png
5,Charmeleon,Blaze,fire,Flame Pokemon,58,64,58,80,65,80,5,45,1.1,19,1,0,88.1,1059860,https://raw.githubusercontent.com/PokeAPI/sprites/master/sprites/pokemon/5.png
6,Charizard,Blaze,fire,Flame Pokemon,78,104,78,159,115,100,6,45,1.7,90.5,1,0,88.1,1059860,https://raw.githubusercontent.com/PokeAPI/sprites/master/sprites/pokemon/6.png
7,Squirtle,Torrent,water,Tiny Turtle Pokemon,44,48,65,50,64,43,7,45,0.5,9,1,0,88.1,1059860,https://raw.githubusercontent.com/PokeAPI/sprites/master/sprites/pokemon/7.png
8,Wartortle,Torrent,water,Turtle Pokemon,59,63,80,65,80,58,8,45,1,22.5,1,0,88.1,1059860,https://raw.githubusercontent.com/PokeAPI/sprites/master/sprites/pokemon/8.png
9,Blastoise,Torrent,water,Shellfish Pokemon,79,103,120,135,115,78,9,45,1.6,85.5,1,0,88.1,1059860,https://raw.githubusercontent.com/PokeAPI/sprites/master/sprites/pokemon/9.png
10,Caterpie,Shield Dust,bug,Worm Pokemon,45,30,35,20,20,45,10,255,0.3,2.9,1,0,50,1000000,https://raw.githubusercontent.com/PokeAPI/sprites/master/sprites/pokemon/10.png
11,Metapod,Shed Skin,bug,Cocoon Pokemon,50,20,55,25,25,30,11,120,0.7,9.9,1,0,50,1000000,https://raw.githubusercontent.com/PokeAPI/sprites/master/sprites/pokemon/11.png
12,Butterfree,Compoundeyes,bug,Butterfly Pokemon,60,45,50,90,80,70,12,45,1.1,32,1,0,50,1000000,https://raw.githubusercontent.com/PokeAPI/sprites/master/sprites/pokemon/12.png
13,Weedle,Shield Dust,bug,Hairy Pokemon,40,35,30,20,20,50,13,255,0.3,3.2,1,0,50,1000000,https://raw.githubusercontent.com/PokeAPI/sprites/master/sprites/pokemon/13.png
14,Kakuna,Shed Skin,bug,Cocoon Pokemon,45,25,50,25,25,35,14,120,0.6,10,1,0,50,1000000,https://raw.githubusercontent.com/PokeAPI/sprites/master/sprites/pokemon/14.png
15,Beedrill,Swarm,bug,Poison Bee Pokemon,65,150,40,15,80,145,15,45,1,29.5,1,0,50,1000000,https://raw.githubusercontent.com/PokeAPI/sprites/master/sprites/pokemon/15.png
16,Pidgey,Keen Eye,normal,Tiny Bird Pokemon,40,45,40,35,35,56,16,255,0.3,1.8,1,0,50,1059860,https://raw.githubusercontent.com/PokeAPI/sprites/master/sprites/pokemon/16.png
17,Pidgeotto,Keen Eye,normal,Bird Pokemon,63,60,55,50,50,71,17,120,1.1,30,1,0,50,1059860,https://raw.githubusercontent.com/PokeAPI/sprites/master/sprites/pokemon/17.png
18,Pidgeot,Keen Eye,normal,Bird Pokemon,83,80,80,135,80,121,18,45,1.5,39.5,1,0,50,1059860,https://raw.githubusercontent.com/PokeAPI/sprites/master/sprites/pokemon/18.png
19,Rattata,Run Away,normal,Mouse Pokemon,30,56,35,25,35,72,19,255,,,1,0,50,1000000,https://raw.githubusercontent.com/PokeAPI/sprites/master/sprites/pokemon/19.png
20,Raticate,Run Away,normal,Mouse Pokemon,75,71,70,40,80,77,20,127,,,1,0,50,1000000,https://raw.githubusercontent.com/PokeAPI/sprites/master/sprites/pokemon/20.png
21,Spearow,Keen Eye,normal,Tiny Bird Pokemon,40,60,30,31,31,70,21,255,0.3,2,1,0,50,1000000,https://raw.githubusercontent.com/PokeAPI/sprites/master/sprites/pokemon/21.png
22,Fearow,Keen Eye,normal,Beak Pokemon,65,90,65,61,61,100,22,90,1.2,38,1,0,50,1000000,https://raw.githubusercontent.com/PokeAPI/sprites/master/sprites/pokemon/22.png
23,Ekans,Intimidate,poison,Snake Pokemon,35,60,44,40,54,55,23,255,2,6.9,1,0,50,1000000,https://raw.githubusercontent.com/PokeAPI/sprites/master/sprites/pokemon/23.png
24,Arbok,Intimidate,poison,Cobra Pokemon,60,95,69,65,79,80,24,90,3.5,65,1,0,50,1000000,https://raw.githubusercontent.com/PokeAPI/sprites/master/sprites/pokemon/24.png
25,Pikachu,Static,electric,Mouse Pokemon,35,55,40,50,50,90,25,190,0.4,6,1,0,50,1000000,https://raw.githubusercontent.com/PokeAPI/sprites/master/sprites/pokemon/25.png
26,Raichu,Static,electric,Mouse Pokemon,60,85,50,95,85,110,26,75,,,1,0,50,1000000,https://raw.githubusercontent.com/PokeAPI/sprites/master/sprites/pokemon/26.png
27,Sandshrew,Sand Veil,ground,Mouse Pokemon,50,75,90,10,35,40,27,255,,,1,0,50,1000000,https://raw.githubusercontent.com/PokeAPI/sprites/master/sprites/pokemon/27.png
28,Sandslash,Sand Veil,ground,Mouse Pokemon,75,100,120,25,65,65,28,90,,,1,0,50,1000000,https://raw.githubusercontent.com/PokeAPI/sprites/master/sprites/pokemon/28.png
29,Nidoraa,Poison Point,poison,Poison Pin Pokemon,55,47,52,40,40,41,29,235,0.4,7,1,0,0,1059860,https://raw.githubusercontent.com/PokeAPI/sprites/master/sprites/pokemon/29.png
30,Nidorina,Poison Point,poison,Poison Pin Pokemon,70,62,67,55,55,56,30,120,0.8,20,1,0,0,1059860,https://raw.githubusercontent.com/PokeAPI/sprites/master/sprites/pokemon/30.png
31,Nidoqueen,Poison Point,poison,Drill Pokemon,90,92,87,75,85,76,31,45,1.3,60,1,0,0,1059860,https://raw.githubusercontent.com/PokeAPI/sprites/master/sprites/pokemon/31.png
32,Nidorana,Poison Point,poison,Poison Pin Pokemon,46,57,40,40,40,50,32,235,0.5,9,1,0,100,1059860,https://raw.githubusercontent.com/PokeAPI/sprites/master/sprites/pokemon/32.png
33,Nidorino,Poison Point,poison,Poison Pin Pokemon,61,72,57,55,55,65,33,120,0.9,19.5,1,0,100,1059860,https://raw.githubusercontent.com/PokeAPI/sprites/master/sprites/pokemon/33.png
34,Nidoking,Poison Point,poison,Drill Pokemon,81,102,77,85,75,85,34,45,1.4,62,1,0,100,1059860,https://raw.githubusercontent.com/PokeAPI/sprites/master/sprites/pokemon/34.png
35,Clefairy,Cute Charm,fairy,Fairy Pokemon,70,45,48,60,65,35,35,150,0.6,7.5,1,0,24.6,800000,https://raw.githubusercontent.com/PokeAPI/sprites/master/sprites/pokemon/35.png
36,Clefable,Cute Charm,fairy,Fairy Pokemon,95,70,73,95,90,60,36,25,1.3,40,1,0,24.6,800000,https://raw.githubusercontent.com/PokeAPI/sprites/master/sprites/pokemon/36.png
37,Vulpix,Flash Fire,fire,Fox Pokemon,38,41,40,50,65,65,37,190,,,1,0,24.6,1000000,https://raw.githubusercontent.com/PokeAPI/sprites/master/sprites/pokemon/37.png
38,Ninetales,Flash Fire,fire,Fox Pokemon,73,67,75,81,100,109,38,75,,,1,0,24.6,1000000,https://raw.githubusercontent.com/PokeAPI/sprites/master/sprites/pokemon/38.png
39,Jigglypuff,Cute Charm,normal,Balloon Pokemon,115,45,20,45,25,20,39,170,0.5,5.5,1,0,24.6,800000,https://raw.githubusercontent.com/PokeAPI/sprites/master/sprites/pokemon/39.png
40,Wigglytuff,Cute Charm,normal,Balloon Pokemon,140,70,45,85,50,45,40,50,1,12,1,0,24.6,800000,https://raw.githubusercontent.com/PokeAPI/sprites/master/sprites/pokemon/40.png
41,Zubat,Inner Focus,poison,Bat Pokemon,40,45,35,30,40,55,41,255,0.8,7.5,1,0,50,1000000,https://raw.githubusercontent.com/PokeAPI/sprites/master/sprites/pokemon/41.png
42,Golbat,Inner Focus,poison,Bat Pokemon,75,80,70,65,75,90,42,90,1.6,55,1,0,50,1000000,https://raw.githubusercontent.com/PokeAPI/sprites/master/sprites/pokemon/42.png
43,Oddish,Chlorophyll,grass,Weed Pokemon,45,50,55,75,65,30,43,255,0.5,5.4,1,0,50,1059860,https://raw.githubusercontent.com/PokeAPI/sprites/master/sprites/pokemon/43.png
44,Gloom,Chlorophyll,grass,Weed Pokemon,60,65,70,85,75,40,44,120,0.8,8.6,1,0,50,1059860,https://raw.githubusercontent.com/PokeAPI/sprites/master/sprites/pokemon/44.png
45,Vileplume,Chlorophyll,grass,Flower Pokemon,75,80,85,110,90,50,45,45,1.2,18.6,1,0,50,1059860,https://raw.githubusercontent.com/PokeAPI/sprites/master/sprites/pokemon/45.png
46,Paras,Effect Spore,bug,Mushroom Pokemon,35,70,55,45,55,25,46,190,0.3,5.4,1,0,50,1000000,https://raw.githubusercontent.com/PokeAPI/sprites/master/sprites/pokemon/46.png
47,Parasect,Effect Spore,bug,Mushroom Pokemon,60,95,80,60,80,30,47,75,1,29.5,1,0,50,1000000,https://raw.githubusercontent.com/PokeAPI/sprites/master/sprites/pokemon/47.png
48,Venonat,Compoundeyes,bug,Insect Pokemon,60,55,50,40,55,45,48,190,1,30,1,0,50,1000000,https://raw.githubusercontent.com/PokeAPI/sprites/master/sprites/pokemon/48.png
49,Venomoth,Shield Dust,bug,Poison Moth Pokemon,70,65,60,90,75,90,49,75,1.5,12.5,1,0,50,1000000,https://raw.githubusercontent.com/PokeAPI/sprites/master/sprites/pokemon/49.png
50,Diglett,Sand Veil,ground,Mole Pokemon,10,55,30,35,45,90,50,255,,,1,0,50,1000000,https://raw.githubusercontent.com/PokeAPI/sprites/master/sprites/pokemon/50.png
51,Dugtrio,Sand Veil,ground,Mole Pokemon,35,100,60,50,70,110,51,50,,,1,0,50,1000000,https://raw.githubusercontent.com/PokeAPI/sprites/master/sprites/pokemon/51.png
52,Meowth,Pickup,normal,Scratch Cat Pokemon,40,35,35,50,40,90,52,255,,,1,0,50,1000000,https://raw.githubusercontent.com/PokeAPI/sprites/master/sprites/pokemon/52.png
53,Persian,Limber,normal,Classy Cat Pokemon,65,60,60,75,65,115,53,90,,,1,0,50,1000000,https://raw.githubusercontent.com/PokeAPI/sprites/master/sprites/pokemon/53.png
54,Psyduck,Damp,water,Duck Pokemon,50,52,48,65,50,55,54,190,0.8,19.6,1,0,50,1000000,https://raw.githubusercontent.com/PokeAPI/sprites/master/sprites/pokemon/54.png
55,Golduck,Damp,water,Duck Pokemon,80,82,78,95,80,85,55,75,1.7,76.6,1,0,50,1000000,https://raw.githubusercontent.com/PokeAPI/sprites/master/sprites/pokemon/55.png
56,Mankey,Vital Spirit,fighting,Pig Monkey Pokemon,40,80,35,35,45,70,56,190,0.5,28,1,0,50,1000000,https://raw.githubusercontent.com/PokeAPI/sprites/master/sprites/pokemon/56.png
57,Primeape,Vital Spirit,fighting,Pig Monkey Pokemon,65,105,60,60,70,95,57,75,1,32,1,0,50,1000000,https://raw.githubusercontent.com/PokeAPI/sprites/master/sprites/pokemon/57.png
58,Growlithe,Intimidate,fire,Puppy Pokemon,55,70,45,70,50,60,58,190,0.7,19,1,0,75.4,1250000,https://raw.githubusercontent.com/PokeAPI/sprites/master/sprites/pokemon/58.png
59,Arcanine,Intimidate,fire,Legendary Pokemon,90,110,80,100,80,95,59,75,1.9,155,1,0,75.4,1250000,https://raw.githubusercontent.com/PokeAPI/sprites/master/sprites/pokemon/59.png
60,Poliwag,Water Absorb,water,Tadpole Pokemon,40,50,40,40,40,90,60,255,0.6,12.4,1,0,50,1059860,https://raw.githubusercontent.com/PokeAPI/sprites/master/sprites/pokemon/60.png
61,Poliwhirl,Water Absorb,water,Tadpole Pokemon,65,65,65,50,50,90,61,120,1,20,1,0,50,1059860,https://raw.githubusercontent.com/PokeAPI/sprites/master/sprites/pokemon/61.png
62,Poliwrath,Water Absorb,water,Tadpole Pokemon,90,95,95,70,90,70,62,45,1.3,54,1,0,50,1059860,https://raw.githubusercontent.com/PokeAPI/sprites/master/sprites/pokemon/62.png
63,Abra,Synchronize,psychic,Psi Pokemon,25,20,15,105,55,90,63,200,0.9,19.5,1,0,75.4,1059860,https://raw.githubusercontent.com/PokeAPI/sprites/master/sprites/pokemon/63.png
64,Kadabra,Synchronize,psychic,Psi Pokemon,40,35,30,120,70,105,64,100,1.3,56.5,1,0,75.4,1059860,https://raw.githubusercontent.com/PokeAPI/sprites/master/sprites/pokemon/64.png
65,Alakazam,Synchronize,psychic,Psi Pokemon,55,50,65,175,105,150,65,50,1.5,48,1,0,75.4,1059860,https://raw.githubusercontent.com/PokeAPI/sprites/master/sprites/pokemon/65.png
66,Machop,Guts,fighting,Superpower Pokemon,70,80,50,35,35,35,66,180,0.8,19.5,1,0,75.4,1059860,https://raw.githubusercontent.com/PokeAPI/sprites/master/sprites/pokemon/66.png
67,Machoke,Guts,fighting,Superpower Pokemon,80,100,70,50,60,45,67,90,1.5,70.5,1,0,75.4,1059860,https://raw.githubusercontent.com/PokeAPI/sprites/master/sprites/pokemon/67.png
68,Machamp,Guts,fighting,Superpower Pokemon,90,130,80,65,85,55,68,45,1.6,130,1,0,75.4,1059860,https://raw.githubusercontent.com/PokeAPI/sprites/master/sprites/pokemon/68.png
69,Bellsprout,Chlorophyll,grass,Flower Pokemon,50,75,35,70,30,40,69,255,0.7,4,1,0,50,1059860,https://raw.githubusercontent.com/PokeAPI/sprites/master/sprites/pokemon/69.png
70,Weepinbell,Chlorophyll,grass,Flycatcher Pokemon,65,90,50,85,45,55,70,120,1,6.4,1,0,50,1059860,https://raw.githubusercontent.com/PokeAPI/sprites/master/sprites/pokemon/70.png
71,Victreebel,Chlorophyll,grass,Flycatcher Pokemon,80,105,65,100,70,70,71,45,1.7,15.5,1,0,50,1059860,https://raw.githubusercontent.com/PokeAPI/sprites/master/sprites/pokemon/71.png
72,Tentacool,Clear Body,water,Jellyfish Pokemon,40,40,35,50,100,70,72,190,0.9,45.5,1,0,50,1250000,https://raw.githubusercontent.com/PokeAPI/sprites/master/sprites/pokemon/72.png
73,Tentacruel,Clear Body,water,Jellyfish Pokemon,80,70,65,80,120,100,73,60,1.6,55,1,0,50,1250000,https://raw.githubusercontent.com/PokeAPI/sprites/master/sprites/pokemon/73.png
74,Geodude,Rock Head,rock,Rock Pokemon,40,80,100,30,30,20,74,255,,,1,0,50,1059860,https://raw.githubusercontent.com/PokeAPI/sprites/master/sprites/pokemon/74.png
75,Graveler,Rock Head,rock,Rock Pokemon,55,95,115,45,45,35,75,120,,,1,0,50,1059860,https://raw.githubusercontent.com/PokeAPI/sprites/master/sprites/pokemon/75.png
76,Golem,Rock Head,rock,Megaton Pokemon,80,120,130,55,65,45,76,45,,,1,0,50,1059860,https://raw.githubusercontent.com/PokeAPI/sprites/master/sprites/pokemon/76.png
77,Ponyta,Run Away,fire,Fire Horse Pokemon,50,85,55,65,65,90,77,190,1,30,1,0,50,1000000,https://raw.githubusercontent.com/PokeAPI/sprites/master/sprites/pokemon/77.png
78,Rapidash,Run Away,fire,Fire Horse Pokemon,65,100,70,80,80,105,78,60,1.7,95,1,0,50,1000000,https://raw.githubusercontent.com/PokeAPI/sprites/master/sprites/pokemon/78.png
79,Slowpoke,Oblivious,water,Dopey Pokemon,90,65,65,40,40,15,79,190,1.2,36,1,0,50,1000000,https://raw.githubusercontent.com/PokeAPI/sprites/master/sprites/pokemon/79.png
80,Slowbro,Oblivious,water,Hermit Crab Pokemon,95,75,180,130,80,30,80,75,1.6,78.5,1,0,50,1000000,https://raw.githubusercontent.com/PokeAPI/sprites/master/sprites/pokemon/80.png
81,Magnemite,Magnet Pull,electric,Magnet Pokemon,25,35,70,95,55,45,81,190,0.3,6,1,0,,1000000,https://raw.githubusercontent.com/PokeAPI/sprites/master/sprites/pokemon/81.png
82,Magneton,Magnet Pull,electric,Magnet Pokemon,50,60,95,120,70,70,82,60,1,60,1,0,,1000000,https://raw.githubusercontent.com/PokeAPI/sprites/master/sprites/pokemon/82.png
83,Farfetch'd,Keen Eye,normal,Wild Duck Pokemon,52,90,55,58,62,60,83,45,0.8,15,1,0,50,1000000,https://raw.githubusercontent.com/PokeAPI/sprites/master/sprites/pokemon/83.png
84,Doduo,Run Away,normal,Twin Bird Pokemon,35,85,45,35,35,75,84,190,1.4,39.2,1,0,50,1000000,https://raw.githubusercontent.com/PokeAPI/sprites/master/sprites/pokemon/84.png
85,Dodrio,Run Away,normal,Triple Bird Pokemon,60,110,70,60,60,110,85,45,1.8,85.2,1,0,50,1000000,https://raw.githubusercontent.com/PokeAPI/sprites/master/sprites/pokemon/85.png
86,Seel,Thick Fat,water,Sea Lion Pokemon,65,45,55,45,70,45,86,190,1.1,90,1,0,50,1000000,https://raw.githubusercontent.com/PokeAPI/sprites/master/sprites/pokemon/86.png
87,Dewgong,Thick Fat,water,Sea Lion Pokemon,90,70,80,70,95,70,87,75,1.7,120,1,0,50,1000000,https://raw.githubusercontent.com/PokeAPI/sprites/master/sprites/pokemon/87.png
88,Grimer,Stench,poison,Sludge Pokemon,80,80,50,40,50,25,88,190,,,1,0,50,1000000,https://raw.githubusercontent.com/PokeAPI/sprites/master/sprites/pokemon/88.png
89,Muk,Stench,poison,Sludge Pokemon,105,105,75,65,100,50,89,75,,,1,0,50,1000000,https://raw.githubusercontent.com/PokeAPI/sprites/master/sprites/pokemon/89.png
90,Shellder,Shell Armor,water,Bivalve Pokemon,30,65,100,45,25,40,90,190,0.3,4,1,0,50,1250000,https://raw.githubusercontent.com/PokeAPI/sprites/master/sprites/pokemon/90.png
91,Cloyster,Shell Armor,water,Bivalve Pokemon,50,95,180,85,45,70,91,60,1.5,132.5,1,0,50,1250000,https://raw.githubusercontent.com/PokeAPI/sprites/master/sprites/pokemon/91.png
92,Gastly,Levitate,ghost,Gas Pokemon,30,35,30,100,35,80,92,190,1.3,0.1,1,0,50,1059860,https://raw.githubusercontent.com/PokeAPI/sprites/master/sprites/pokemon/92.png
93,Haunter,Levitate,ghost,Gas Pokemon,45,50,45,115,55,95,93,90,1.6,0.1,1,0,50,1059860,https://raw.githubusercontent.com/PokeAPI/sprites/master/sprites/pokemon/93.png
94,Gengar,Cursed Body,ghost,Shadow Pokemon,60,65,80,170,95,130,94,45,1.5,40.5,1,0,50,1059860,https://raw.githubusercontent.com/PokeAPI/sprites/master/sprites/pokemon/94.png
95,Onix,Rock Head,rock,Rock Snake Pokemon,35,45,160,30,45,70,95,45,8.8,210,1,0,50,1000000,https://raw.githubusercontent.com/PokeAPI/sprites/master/sprites/pokemon/95.png
96,Drowzee,Insomnia,psychic,Hypnosis Pokemon,60,48,45,43,90,42,96,190,1,32.4,1,0,50,1000000,https://raw.githubusercontent.com/PokeAPI/sprites/master/sprites/pokemon/96.png
97,Hypno,Insomnia,psychic,Hypnosis Pokemon,85,73,70,73,115,67,97,75,1.6,75.6,1,0,50,1000000,https://raw.githubusercontent.com/PokeAPI/sprites/master/sprites/pokemon/97.png
98,Krabby,Hyper Cutter,water,River Crab Pokemon,30,105,90,25,25,50,98,225,0.4,6.5,1,0,50,1000000,https://raw.githubusercontent.com/PokeAPI/sprites/master/sprites/pokemon/98.png
99,Kingler,Hyper Cutter,water,Pincer Pokemon,55,130,115,50,50,75,99,60,1.3,60,1,0,50,1000000,https://raw.githubusercontent.com/PokeAPI/sprites/master/sprites/pokemon/99.png
100,Voltorb,Soundproof,electric,Ball Pokemon,40,30,50,55,55,100,100,190,0.5,10.4,1,0,,1000000,https://raw.githubusercontent.com/PokeAPI/sprites/master/sprites/pokemon/100.png
101,Electrode,Soundproof,electric,Ball Pokemon,60,50,70,80,80,150,101,60,1.2,66.6,1,0,,1000000,https://raw.githubusercontent.com/PokeAPI/sprites/master/sprites/pokemon/101.png
102,Exeggcute,Chlorophyll,grass,Egg Pokemon,60,40,80,60,45,40,102,90,0.4,2.5,1,0,50,1250000,https://raw.githubusercontent.com/PokeAPI/sprites/master/sprites/pokemon/102.png
103,Exeggutor,Chlorophyll,grass,Coconut Pokemon,95,105,85,125,75,45,103,45,,,1,0,50,1250000,https://raw.githubusercontent.com/PokeAPI/sprites/master/sprites/pokemon/103.png
104,Cubone,Rock Head,ground,Lonely Pokemon,50,50,95,40,50,35,104,190,0.4,6.5,1,0,50,1000000,https://raw.githubusercontent.com/PokeAPI/sprites/master/sprites/pokemon/104.png
105,Marowak,Rock Head,ground,Bone Keeper Pokemon,60,80,110,50,80,45,105,75,,,1,0,50,1000000,https://raw.githubusercontent.com/PokeAPI/sprites/master/sprites/pokemon/105.png
106,Hitmonlee,Limber,fighting,Kicking Pokemon,50,120,53,35,110,87,106,45,1.5,49.8,1,0,100,1000000,https://raw.githubusercontent.com/PokeAPI/sprites/master/sprites/pokemon/106.png
107,Hitmonchan,Keen Eye,fighting,Punching Pokemon,50,105,79,35,110,76,107,45,1.4,50.2,1,0,100,1000000,https://raw.githubusercontent.com/PokeAPI/sprites/master/sprites/pokemon/107.png
108,Lickitung,Own Tempo,normal,Licking Pokemon,90,55,75,60,75,30,108,45,1.2,65.5,1,0,50,1000000,https://raw.githubusercontent.com/PokeAPI/sprites/master/sprites/pokemon/108.png
109,Koffing,Levitate,poison,Poison Gas Pokemon,40,65,95,60,45,35,109,190,0.6,1,1,0,50,1000000,https://raw.githubusercontent.com/PokeAPI/sprites/master/sprites/pokemon/109.png
110,Weezing,Levitate,poison,Poison Gas Pokemon,65,90,120,85,70,60,110,60,1.2,9.5,1,0,50,1000000,https://raw.githubusercontent.com/PokeAPI/sprites/master/sprites/pokemon/110.png
111,Rhyhorn,Lightningrod,ground,Spikes Pokemon,80,85,95,30,30,25,111,120,1,115,1,0,50,1250000,https://raw.githubusercontent.com/PokeAPI/sprites/master/sprites/pokemon/111.png
112,Rhydon,Lightningrod,ground,Drill Pokemon,105,130,120,45,45,40,112,60,1.9,120,1,0,50,1250000,https://raw.githubusercontent.com/PokeAPI/sprites/master/sprites/pokemon/112.png
113,Chansey,Natural Cure,normal,Egg Pokemon,250,5,5,35,105,50,113,30,1.1,34.6,1,0,0,800000,https://raw.githubusercontent.com/PokeAPI/sprites/master/sprites/pokemon/113.png
114,Tangela,Chlorophyll,grass,Vine Pokemon,65,55,115,100,40,60,114,45,1,35,1,0,50,1000000,https://raw.githubusercontent.com/PokeAPI/sprites/master/sprites/pokemon/114.png
115,Kangaskhan,Early Bird,normal,Parent Pokemon,105,125,100,60,100,100,115,45,2.2,80,1,0,0,1000000,https://raw.githubusercontent.com/PokeAPI/sprites/master/sprites/pokemon/115.png
116,Horsea,Swift Swim,water,Dragon Pokemon,30,40,70,70,25,60,116,225,0.4,8,1,0,50,1000000,https://raw.githubusercontent.com/PokeAPI/sprites/master/sprites/pokemon/116.png
117,Seadra,Poison Point,water,Dragon Pokemon,55,65,95,95,45,85,117,75,1.2,25,1,0,50,1000000,https://raw.githubusercontent.com/PokeAPI/sprites/master/sprites/pokemon/117.png
118,Goldeen,Swift Swim,water,Goldfish Pokemon,45,67,60,35,50,63,118,225,0.6,15,1,0,50,1000000,https://raw.githubusercontent.com/PokeAPI/sprites/master/sprites/pokemon/118.png
119,Seaking,Swift Swim,water,Goldfish Pokemon,80,92,65,65,80,68,119,60,1.3,39,1,0,50,1000000,https://raw.githubusercontent.com/PokeAPI/sprites/master/sprites/pokemon/119.png
120,Staryu,Illuminate,water,Starshape Pokemon,30,45,55,70,55,85,120,225,0.8,34.5,1,0,,1250000,https://raw.githubusercontent.com/PokeAPI/sprites/master/sprites/pokemon/120.png
121,Starmie,Illuminate,water,Mysterious Pokemon,60,75,85,100,85,115,121,60,1.1,80,1,0,,1250000,https://raw.githubusercontent.com/PokeAPI/sprites/master/sprites/pokemon/121.png
122,Mr. Mime,Soundproof,psychic,Barrier Pokemon,40,45,65,100,120,90,122,45,1.3,54.5,1,0,50,1000000,https://raw.githubusercontent.com/PokeAPI/sprites/master/sprites/pokemon/122.png
123,Scyther,Swarm,bug,Mantis Pokemon,70,110,80,55,80,105,123,45,1.5,56,1,0,50,1000000,https://raw.githubusercontent.com/PokeAPI/sprites/master/sprites/pokemon/123.png
124,Jynx,Oblivious,ice,Humanshape Pokemon,65,50,35,115,95,95,124,45,1.4,40.6,1,0,0,1000000,https://raw.githubusercontent.com/PokeAPI/sprites/master/sprites/pokemon/124.png
125,Electabuzz,Static,electric,Electric Pokemon,65,83,57,95,85,105,125,45,1.1,30,1,0,75.4,1000000,https://raw.githubusercontent.com/PokeAPI/sprites/master/sprites/pokemon/125.png
126,Magmar,Flame Body,fire,Spitfire Pokemon,65,95,57,100,85,93,126,45,1.3,44.5,1,0,75.4,1000000,https://raw.githubusercontent.com/PokeAPI/sprites/master/sprites/pokemon/126.png
127,Pinsir,Hyper Cutter,bug,Stagbeetle Pokemon,65,155,120,65,90,105,127,45,1.5,55,1,0,50,1250000,https://raw.githubusercontent.com/PokeAPI/sprites/master/sprites/pokemon/127.png
128,Tauros,Intimidate,normal,Wild Bull Pokemon,75,100,95,40,70,110,128,45,1.4,88.4,1,0,100,1250000,https://raw.githubusercontent.com/PokeAPI/sprites/master/sprites/pokemon/128.png
129,Magikarp,Swift Swim,water,Fish Pokemon,20,10,55,15,20,80,129,255,0.9,10,1,0,50,1250000,https://raw.githubusercontent.com/PokeAPI/sprites/master/sprites/pokemon/129.png
130,Gyarados,Intimidate,water,Atrocious Pokemon,95,155,109,70,130,81,130,45,6.5,235,1,0,50,1250000,https://raw.githubusercontent.com/PokeAPI/sprites/master/sprites/pokemon/130.png
131,Lapras,Water Absorb,water,Transport Pokemon,130,85,80,85,95,60,131,45,2.5,220,1,0,50,1250000,https://raw.githubusercontent.com/PokeAPI/sprites/master/sprites/pokemon/131.png
132,Ditto,Limber,normal,Transform Pokemon,48,48,48,48,48,48,132,35,0.3,4,1,0,,1000000,https://raw.githubusercontent.com/PokeAPI/sprites/master/sprites/pokemon/132.png
133,Eevee,Run Away,normal,Evolution Pokemon,55,55,50,45,65,55,133,45,0.3,6.5,1,0,88.1,1000000,https://raw.githubusercontent.com/PokeAPI/sprites/master/sprites/pokemon/133.png
134,Vaporeon,Water Absorb,water,Bubble Jet Pokemon,130,65,60,110,95,65,134,45,1,29,1,0,88.1,1000000,https://raw.githubusercontent.com/PokeAPI/sprites/master/sprites/pokemon/134.png
135,Jolteon,Volt Absorb,electric,Lightning Pokemon,65,65,60,110,95,130,135,45,0.8,24.5,1,0,88.1,1000000,https://raw.githubusercontent.com/PokeAPI/sprites/master/sprites/pokemon/135.png
136,Flareon,Flash Fire,fire,Flame Pokemon,65,130,60,95,110,65,136,45,0.9,25,1,0,88.1,1000000,https://raw.githubusercontent.com/PokeAPI/sprites/master/sprites/pokemon/136.png
137,Porygon,Trace,normal,Virtual Pokemon,65,60,70,85,75,40,137,45,0.8,36.5,1,0,,1000000,https://raw.githubusercontent.com/PokeAPI/sprites/master/sprites/pokemon/137.png
138,Omanyte,Swift Swim,rock,Spiral Pokemon,35,40,100,90,55,35,138,45,0.4,7.5,1,0,88.1,1000000,https://raw.githubusercontent.com/PokeAPI/sprites/master/sprites/pokemon/138.png
139,Omastar,Swift Swim,rock,Spiral Pokemon,70,60,125,115,70,55,139,45,1,35,1,0,88.1,1000000,https://raw.githubusercontent.com/PokeAPI/sprites/master/sprites/pokemon/139.png
140,Kabuto,Swift Swim,rock,Shellfish Pokemon,30,80,90,55,45,55,140,45,0.5,11.5,1,0,88.1,1000000,https://raw.githubusercontent.com/PokeAPI/sprites/master/sprites/pokemon/140.png
141,Kabutops,Swift Swim,rock,Shellfish Pokemon,60,115,105,65,70,80,141,45,1.3,40.5,1,0,88.1,1000000,https://raw.githubusercontent.com/PokeAPI/sprites/master/sprites/pokemon/141.png
142,Aerodactyl,Rock Head,rock,Fossil Pokemon,80,135,85,70,95,150,142,45,1.8,59,1,0,88.1,1250000,https://raw.githubusercontent.com/PokeAPI/sprites/master/sprites/pokemon/142.png
143,Snorlax,Immunity,normal,Sleeping Pokemon,160,110,65,65,110,30,143,25,2.1,460,1,0,88.1,1250000,https://raw.githubusercontent.com/PokeAPI/sprites/master/sprites/pokemon/143.png
144,Articuno,Pressure,ice,Freeze Pokemon,90,85,100,95,125,85,144,3,1.7,55.4,1,1,,1250000,https://raw.githubusercontent.com/PokeAPI/sprites/master/sprites/pokemon/144.png
145,Zapdos,Pressure,electric,Electric Pokemon,90,90,85,125,90,100,145,3,1.6,52.6,1,1,,1250000,https://raw.githubusercontent.com/PokeAPI/sprites/master/sprites/pokemon/145.png
146,Moltres,Pressure,fire,Flame Pokemon,90,100,90,125,85,90,146,3,2,60,1,1,,1250000,https://raw.githubusercontent.com/PokeAPI/sprites/master/sprites/pokemon/146.png
147,Dratini,Shed Skin,dragon,Dragon Pokemon,41,64,45,50,50,50,147,45,1.8,3.3,1,0,50,1250000,https://raw.githubusercontent.com/PokeAPI/sprites/master/sprites/pokemon/147.png
148,Dragonair,Shed Skin,dragon,Dragon Pokemon,61,84,65,70,70,70,148,45,4,16.5,1,0,50,1250000,https://raw.githubusercontent.com/PokeAPI/sprites/master/sprites/pokemon/148.png
149,Dragonite,Inner Focus,dragon,Dragon Pokemon,91,134,95,100,100,80,149,45,2.2,210,1,0,50,1250000,https://raw.githubusercontent.com/PokeAPI/sprites/master/sprites/pokemon/149.png
150,Mewtwo,Pressure,psychic,Genetic Pokemon,106,150,70,194,120,140,150,3,2,122,1,1,,1250000,https://raw.githubusercontent.com/PokeAPI/sprites/master/sprites/pokemon/150.png
151,Mew,Synchronize,psychic,New Species Pokemon,100,100,100,100,100,100,151,45,0.4,4,1,1,,1059860,https://raw.githubusercontent.com/PokeAPI/sprites/master/sprites/pokemon/151.png
152,Chikorita,Overgrow,grass,Leaf Pokemon,45,49,65,49,65,45,152,45,0.9,6.4,2,0,88.1,1059860,https://raw.githubusercontent.com/PokeAPI/sprites/master/sprites/pokemon/152.png
153,Bayleef,Overgrow,grass,Leaf Pokemon,60,62,80,63,80,60,153,45,1.2,15.8,2,0,88.1,1059860,https://raw.githubusercontent.com/PokeAPI/sprites/master/sprites/pokemon/153.png
154,Meganium,Overgrow,grass,Herb Pokemon,80,82,100,83,100,80,154,45,1.8,100.5,2,0,88.1,1059860,https://raw.githubusercontent.com/PokeAPI/sprites/master/sprites/pokemon/154.png
155,Cyndaquil,Blaze,fire,Fire Mouse Pokemon,39,52,43,60,50,65,155,45,0.5,7.9,2,0,88.1,1059860,https://raw.githubusercontent.com/PokeAPI/sprites/master/sprites/pokemon/155.png
156,Quilava,Blaze,fire,Volcano Pokemon,58,64,58,80,65,80,156,45,0.9,19,2,0,88.1,1059860,https://raw.githubusercontent.com/PokeAPI/sprites/master/sprites/pokemon/156.png
157,Typhlosion,Blaze,fire,Volcano Pokemon,78,84,78,109,85,100,157,45,1.7,79.5,2,0,88.1,1059860,https://raw.githubusercontent.com/PokeAPI/sprites/master/sprites/pokemon/157.png
158,Totodile,Torrent,water,Big Jaw Pokemon,50,65,64,44,48,43,158,45,0.6,9.5,2,0,88.1,1059860,https://raw.githubusercontent.com/PokeAPI/sprites/master/sprites/pokemon/158.png
159,Croconaw,Torrent,water,Big Jaw Pokemon,65,80,80,59,63,58,159,45,1.1,25,2,0,88.1,1059860,https://raw.githubusercontent.com/PokeAPI/sprites/master/sprites/pokemon/159.png
160,Feraligatr,Torrent,water,Big Jaw Pokemon,85,105,100,79,83,78,160,45,2.3,88.8,2,0,88.1,1059860,https://raw.githubusercontent.com/PokeAPI/sprites/master/sprites/pokemon/160.png
161,Sentret,Run Away,normal,Scout Pokemon,35,46,34,35,45,20,161,255,0.8,6,2,0,50,1000000,https://raw.githubusercontent.com/PokeAPI/sprites/master/sprites/pokemon/161.png
162,Furret,Run Away,normal,Long Body Pokemon,85,76,64,45,55,90,162,90,1.8,32.5,2,0,50,1000000,https://raw.githubusercontent.com/PokeAPI/sprites/master/sprites/pokemon/162.png
163,Hoothoot,Insomnia,normal,Owl Pokemon,60,30,30,36,56,50,163,255,0.7,21.2,2,0,50,1000000,https://raw.githubusercontent.com/PokeAPI/sprites/master/sprites/pokemon/163.png
164,Noctowl,Insomnia,normal,Owl Pokemon,100,50,50,86,96,70,164,90,1.6,40.8,2,0,50,1000000,https://raw.githubusercontent.com/PokeAPI/sprites/master/sprites/pokemon/164.png
165,Ledyba,Swarm,bug,Five Star Pokemon,40,20,30,40,80,55,165,255,1,10.8,2,0,50,800000,https://raw.githubusercontent.com/PokeAPI/sprites/master/sprites/pokemon/165.png
166,Ledian,Swarm,bug,Five Star Pokemon,55,35,50,55,110,85,166,90,1.4,35.6,2,0,50,800000,https://raw.githubusercontent.com/PokeAPI/sprites/master/sprites/pokemon/166.png
167,Spinarak,Swarm,bug,String Spit Pokemon,40,60,40,40,40,30,167,255,0.5,8.5,2,0,50,800000,https://raw.githubusercontent.com/PokeAPI/sprites/master/sprites/pokemon/167.png
168,Ariados,Swarm,bug,Long Leg Pokemon,70,90,70,60,70,40,168,90,1.1,33.5,2,0,50,800000,https://raw.githubusercontent.com/PokeAPI/sprites/master/sprites/pokemon/168.png
169,Crobat,Inner Focus,poison,Bat Pokemon,85,90,80,70,80,130,169,90,1.8,75,2,0,50,1000000,https://raw.githubusercontent.com/PokeAPI/sprites/master/sprites/pokemon/169.png
170,Chinchou,Volt Absorb,water,Angler Pokemon,75,38,38,56,56,67,170,190,0.5,12,2,0,50,1250000,https://raw.githubusercontent.com/PokeAPI/sprites/master/sprites/pokemon/170.png
171,Lanturn,Volt Absorb,water,Light Pokemon,125,58,58,76,76,67,171,75,1.2,22.5,2,0,50,1250000,https://raw.githubusercontent.com/PokeAPI/sprites/master/sprites/pokemon/171.png
172,Pichu,Static,electric,Tiny Mouse Pokemon,20,40,15,35,35,60,172,190,0.3,2,2,0,50,1000000,https://raw.githubusercontent.com/PokeAPI/sprites/master/sprites/pokemon/172.png
173,Cleffa,Cute Charm,fairy,Star Shape Pokemon,50,25,28,45,55,15,173,150,0.3,3,2,0,24.6,800000,https://raw.githubusercontent.com/PokeAPI/sprites/master/sprites/pokemon/173.png
174,Igglybuff,Cute Charm,normal,Balloon Pokemon,90,30,15,40,20,15,174,170,0.3,1,2,0,24.6,800000,https://raw.githubusercontent.com/PokeAPI/sprites/master/sprites/pokemon/174.png
175,Togepi,Hustle,fairy,Spike Ball Pokemon,35,20,65,40,65,20,175,190,0.3,1.5,2,0,88.1,800000,https://raw.githubusercontent.com/PokeAPI/sprites/master/sprites/pokemon/175.png
176,Togetic,Hustle,fairy,Happiness Pokemon,55,40,85,80,105,40,176,75,0.6,3.2,2,0,88.1,800000,https://raw.githubusercontent.com/PokeAPI/sprites/master/sprites/pokemon/176.png
177,Natu,Synchronize,psychic,Little Bird Pokemon,40,50,45,70,45,70,177,190,0.2,2,2,0,50,1000000,https://raw.githubusercontent.com/PokeAPI/sprites/master/sprites/pokemon/177.png
178,Xatu,Synchronize,psychic,Mystic Pokemon,65,75,70,95,70,95,178,75,1.5,15,2,0,50,1000000,https://raw.githubusercontent.com/PokeAPI/sprites/master/sprites/pokemon/178.png
179,Mareep,Static,electric,Wool Pokemon,55,40,40,65,45,35,179,235,0.6,7.8,2,0,50,1059860,https://raw.githubusercontent.com/PokeAPI/sprites/master/sprites/pokemon/179.png
180,Flaaffy,Static,electric,Wool Pokemon,70,55,55,80,60,45,180,120,0.8,13.3,2,0,50,1059860,https://raw.githubusercontent.com/PokeAPI/sprites/master/sprites/pokemon/180.png
181,Ampharos,Static,electric,Light Pokemon,90,95,105,165,110,45,181,45,1.4,61.5,2,0,50,1059860,https://raw.githubusercontent.com/PokeAPI/sprites/master/sprites/pokemon/181.png
182,Bellossom,Chlorophyll,grass,Flower Pokemon,75,80,95,90,100,50,182,45,0.4,5.8,2,0,50,1059860,https://raw.githubusercontent.com/PokeAPI/sprites/master/sprites/pokemon/182.png
183,Marill,Thick Fat,water,Aquamouse Pokemon,70,20,50,20,50,40,183,190,0.4,8.5,2,0,50,800000,https://raw.githubusercontent.com/PokeAPI/sprites/master/sprites/pokemon/183.png
184,Azumarill,Thick Fat,water,Aquarabbit Pokemon,100,50,80,60,80,50,184,75,0.8,28.5,2,0,50,800000,https://raw.githubusercontent.com/PokeAPI/sprites/master/sprites/pokemon/184.png
185,Sudowoodo,Sturdy,rock,Imitation Pokemon,70,100,115,30,65,30,185,65,1.2,38,2,0,50,1000000,https://raw.githubusercontent.com/PokeAPI/sprites/master/sprites/pokemon/185.png
186,Politoed,Water Absorb,water,Frog Pokemon,90,75,75,90,100,70,186,45,1.1,33.9,2,0,50,1059860,https://raw.githubusercontent.com/PokeAPI/sprites/master/sprites/pokemon/186.png
187,Hoppip,Chlorophyll,grass,Cottonweed Pokemon,35,35,40,35,55,50,187,255,0.4,0.5,2,0,50,1059860,https://raw.githubusercontent.com/PokeAPI/sprites/master/sprites/pokemon/187.png
188,Skiploom,Chlorophyll,grass,Cottonweed Pokemon,55,45,50,45,65,80,188,120,0.6,1,2,0,50,1059860,https://raw.githubusercontent.com/PokeAPI/sprites/master/sprites/pokemon/188.png
189,Jumpluff,Chlorophyll,grass,Cottonweed Pokemon,75,55,70,55,95,110,189,45,0.8,3,2,0,50,1059860,https://raw.githubusercontent.com/PokeAPI/sprites/master/sprites/pokemon/189.png
190,Aipom,Run Away,normal,Long Tail Pokemon,55,70,55,40,55,85,190,45,0.8,11.5,2,0,50,800000,https://raw.githubusercontent.com/PokeAPI/sprites/master/sprites/pokemon/190.png
191,Sunkern,Chlorophyll,grass,Seed Pokemon,30,30,30,30,30,30,191,235,0.3,1.8,2,0,50,1059860,https://raw.githubusercontent.com/PokeAPI/sprites/master/sprites/pokemon/191.png
192,Sunflora,Chlorophyll,grass,Sun Pokemon,75,75,55,105,85,30,192,120,0.8,8.5,2,0,50,1059860,https://raw.githubusercontent.com/PokeAPI/sprites/master/sprites/pokemon/192.png
193,Yanma,Speed Boost,bug,Clear Wing Pokemon,65,65,45,75,45,95,193,75,1.2,38,2,0,50,1000000,https://raw.githubusercontent.com/PokeAPI/sprites/master/sprites/pokemon/193.png
194,Wooper,Damp,water,Water Fish Pokemon,55,45,45,25,25,15,194,255,0.4,8.5,2,0,50,1000000,https://raw.githubusercontent.com/PokeAPI/sprites/master/sprites/pokemon/194.png
195,Quagsire,Damp,water,Water Fish Pokemon,95,85,85,65,65,35,195,90,1.4,75,2,0,50,1000000,https://raw.githubusercontent.com/PokeAPI/sprites/master/sprites/pokemon/195.png
196,Espeon,Synchronize,psychic,Sun Pokemon,65,65,60,130,95,110,196,45,0.9,26.5,2,0,88.1,1000000,https://raw.githubusercontent.com/PokeAPI/sprites/master/sprites/pokemon/196.png
197,Umbreon,Synchronize,dark,Moonlight Pokemon,95,65,110,60,130,65,197,45,1,27,2,0,88.1,1000000,https://raw.githubusercontent.com/PokeAPI/sprites/master/sprites/pokemon/197.png
198,Murkrow,Insomnia,dark,Darkness Pokemon,60,85,42,85,42,91,198,30,0.5,2.1,2,0,50,1059860,https://raw.githubusercontent.com/PokeAPI/sprites/master/sprites/pokemon/198.png
199,Slowking,Oblivious,water,Royal Pokemon,95,75,80,100,110,30,199,70,2,79.5,2,0,50,1000000,https://raw.githubusercontent.com/PokeAPI/sprites/master/sprites/pokemon/199.png
200,Misdreavus,Levitate,ghost,Screech Pokemon,60,60,60,85,85,85,200,45,0.7,1,2,0,50,800000,https://raw.githubusercontent.com/PokeAPI/sprites/master/sprites/pokemon/200.png
201,Unown,Levitate,psychic,Symbol Pokemon,48,72,48,72,48,48,201,225,0.5,5,2,0,,1000000,https://raw.githubusercontent.com/PokeAPI/sprites/master/sprites/pokemon/201.png
202,Wobbuffet,Shadow Tag,psychic,Patient Pokemon,190,33,58,33,58,33,202,45,1.3,28.5,2,0,50,1000000,https://raw.githubusercontent.com/PokeAPI/sprites/master/sprites/pokemon/202.png
203,Girafarig,Inner Focus,normal,Long Neck Pokemon,70,80,65,90,65,85,203,60,1.5,41.5,2,0,50,1000000,https://raw.githubusercontent.com/PokeAPI/sprites/master/sprites/pokemon/203.png
204,Pineco,Sturdy,bug,Bagworm Pokemon,50,65,90,35,35,15,204,190,0.6,7.2,2,0,50,1000000,https://raw.githubusercontent.com/PokeAPI/sprites/master/sprites/pokemon/204.png
205,Forretress,Sturdy,bug,Bagworm Pokemon,75,90,140,60,60,40,205,75,1.2,125.8,2,0,50,1000000,https://raw.githubusercontent.com/PokeAPI/sprites/master/sprites/pokemon/205.png
206,Dunsparce,Serene Grace,normal,Land Snake Pokemon,100,70,70,65,65,45,206,190,1.5,14,2,0,50,1000000,https://raw.githubusercontent.com/PokeAPI/sprites/master/sprites/pokemon/206.png
207,Gligar,Hyper Cutter,ground,Flyscorpion Pokemon,65,75,105,35,65,85,207,60,1.1,64.8,2,0,50,1059860,https://raw.githubusercontent.com/PokeAPI/sprites/master/sprites/pokemon/207.png
208,Steelix,Rock Head,steel,Iron Snake Pokemon,75,125,230,55,95,30,208,25,9.2,400,2,0,50,1000000,https://raw.githubusercontent.com/PokeAPI/sprites/master/sprites/pokemon/208.png
209,Snubbull,Intimidate,fairy,Fairy Pokemon,60,80,50,40,40,30,209,190,0.6,7.8,2,0,24.6,800000,https://raw.githubusercontent.com/PokeAPI/sprites/master/sprites/pokemon/209.png
210,Granbull,Intimidate,fairy,Fairy Pokemon,90,120,75,60,60,45,210,75,1.4,48.7,2,0,24.6,800000,https://raw.githubusercontent.com/PokeAPI/sprites/master/sprites/pokemon/210.png
211,Qwilfish,Poison Point,water,Balloon Pokemon,65,95,85,55,55,85,211,45,0.5,3.9,2,0,50,1000000,https://raw.githubusercontent.com/PokeAPI/sprites/master/sprites/pokemon/211.png
212,Scizor,Swarm,bug,Pincer Pokemon,70,150,140,65,100,75,212,25,1.8,118,2,0,50,1000000,https://raw.githubusercontent.com/PokeAPI/sprites/master/sprites/pokemon/212.png
213,Shuckle,Sturdy,bug,Mold Pokemon,20,10,230,10,230,5,213,190,0.6,20.5,2,0,50,1059860,https://raw.githubusercontent.com/PokeAPI/sprites/master/sprites/pokemon/213.png
214,Heracross,Swarm,bug,Singlehorn Pokemon,80,185,115,40,105,75,214,45,1.5,54,2,0,50,1250000,https://raw.githubusercontent.com/PokeAPI/sprites/master/sprites/pokemon/214.png
215,Sneasel,Inner Focus,dark,Sharp Claw Pokemon,55,95,55,35,75,115,215,60,0.9,28,2,0,50,1059860,https://raw.githubusercontent.com/PokeAPI/sprites/master/sprites/pokemon/215.png
216,Teddiursa,Pickup,normal,Little Bear Pokemon,60,80,50,50,50,40,216,120,0.6,8.8,2,0,50,1000000,https://raw.githubusercontent.com/PokeAPI/sprites/master/sprites/pokemon/216.png
217,Ursaring,Guts,normal,Hibernator Pokemon,90,130,75,75,75,55,217,60,1.8,125.8,2,0,50,1000000,https://raw.githubusercontent.com/PokeAPI/sprites/master/sprites/pokemon/217.png
218,Slugma,Magma Armor,fire,Lava Pokemon,40,40,40,70,40,20,218,190,0.7,35,2,0,50,1000000,https://raw.githubusercontent.com/PokeAPI/sprites/master/sprites/pokemon/218.png
219,Magcargo,Magma Armor,fire,Lava Pokemon,60,50,120,90,80,30,219,75,0.8,55,2,0,50,1000000,https://raw.githubusercontent.com/PokeAPI/sprites/master/sprites/pokemon/219.png
220,Swinub,Oblivious,ice,Pig Pokemon,50,50,40,30,30,50,220,225,0.4,6.5,2,0,50,1250000,https://raw.githubusercontent.com/PokeAPI/sprites/master/sprites/pokemon/220.png
221,Piloswine,Oblivious,ice,Swine Pokemon,100,100,80,60,60,50,221,75,1.1,55.8,2,0,50,1250000,https://raw.githubusercontent.com/PokeAPI/sprites/master/sprites/pokemon/221.png
222,Corsola,Hustle,water,Coral Pokemon,65,55,95,65,95,35,222,60,0.6,5,2,0,24.6,800000,https://raw.githubusercontent.com/PokeAPI/sprites/master/sprites/pokemon/222.png
223,Remoraid,Hustle,water,Jet Pokemon,35,65,35,65,35,65,223,190,0.6,12,2,0,50,1000000,https://raw.githubusercontent.com/PokeAPI/sprites/master/sprites/pokemon/223.png
224,Octillery,Suction Cups,water,Jet Pokemon,75,105,75,105,75,45,224,75,0.9,28.5,2,0,50,1000000,https://raw.githubusercontent.com/PokeAPI/sprites/master/sprites/pokemon/224.png
225,Delibird,Vital Spirit,ice,Delivery Pokemon,45,55,45,65,45,75,225,45,0.9,16,2,0,50,800000,https://raw.githubusercontent.com/PokeAPI/sprites/master/sprites/pokemon/225.png
226,Mantine,Swift Swim,water,Kite Pokemon,85,40,70,80,140,70,226,25,2.1,220,2,0,50,1250000,https://raw.githubusercontent.com/PokeAPI/sprites/master/sprites/pokemon/226.png
227,Skarmory,Keen Eye,steel,Armor Bird Pokemon,65,80,140,40,70,70,227,25,1.7,50.5,2,0,50,1250000,https://raw.githubusercontent.com/PokeAPI/sprites/master/sprites/pokemon/227.png
228,Houndour,Early Bird,dark,Dark Pokemon,45,60,30,80,50,65,228,120,0.6,10.8,2,0,50,1250000,https://raw.githubusercontent.com/PokeAPI/sprites/master/sprites/pokemon/228.png
229,Houndoom,Early Bird,dark,Dark Pokemon,75,90,90,140,90,115,229,45,1.4,35,2,0,50,1250000,https://raw.githubusercontent.com/PokeAPI/sprites/master/sprites/pokemon/229.png
230,Kingdra,Swift Swim,water,Dragon Pokemon,75,95,95,95,95,85,230,45,1.8,152,2,0,50,1000000,https://raw.githubusercontent.com/PokeAPI/sprites/master/sprites/pokemon/230.png
231,Phanpy,Pickup,ground,Long Nose Pokemon,90,60,60,40,40,40,231,120,0.5,33.5,2,0,50,1000000,https://raw.githubusercontent.com/PokeAPI/sprites/master/sprites/pokemon/231.png
232,Donphan,Sturdy,ground,Armor Pokemon,90,120,120,60,60,50,232,60,1.1,120,2,0,50,1000000,https://raw.githubusercontent.com/PokeAPI/sprites/master/sprites/pokemon/232.png
233,Porygon2,Trace,normal,Virtual Pokemon,85,80,90,105,95,60,233,45,0.6,32.5,2,0,,1000000,https://raw.githubusercontent.com/PokeAPI/sprites/master/sprites/pokemon/233.png
234,Stantler,Intimidate,normal,Big Horn Pokemon,73,95,62,85,65,85,234,45,1.4,71.2,2,0,50,1250000,https://raw.githubusercontent.com/PokeAPI/sprites/master/sprites/pokemon/234.png
235,Smeargle,Own Tempo,normal,Painter Pokemon,55,20,35,20,45,75,235,45,1.2,58,2,0,50,800000,https://raw.githubusercontent.com/PokeAPI/sprites/master/sprites/pokemon/235.png
236,Tyrogue,Guts,fighting,Scuffle Pokemon,35,35,35,35,35,35,236,75,0.7,21,2,0,100,1000000,https://raw.githubusercontent.com/PokeAPI/sprites/master/sprites/pokemon/236.png
237,Hitmontop,Intimidate,fighting,Handstand Pokemon,50,95,95,35,110,70,237,45,1.4,48,2,0,100,1000000,https://raw.githubusercontent.com/PokeAPI/sprites/master/sprites/pokemon/237.png
238,Smoochum,Oblivious,ice,Kiss Pokemon,45,30,15,85,65,65,238,45,0.4,6,2,0,0,1000000,https://raw.githubusercontent.com/PokeAPI/sprites/master/sprites/pokemon/238.png
239,Elekid,Static,electric,Electric Pokemon,45,63,37,65,55,95,239,45,0.6,23.5,2,0,75.4,1000000,https://raw.githubusercontent.com/PokeAPI/sprites/master/sprites/pokemon/239.png
240,Magby,Flame Body,fire,Live Coal Pokemon,45,75,37,70,55,83,240,45,0.7,21.4,2,0,75.4,1000000,https://raw.githubusercontent.com/PokeAPI/sprites/master/sprites/pokemon/240.png
241,Miltank,Thick Fat,normal,Milk Cow Pokemon,95,80,105,40,70,100,241,45,1.2,75.5,2,0,0,1250000,https://raw.githubusercontent.com/PokeAPI/sprites/master/sprites/pokemon/241.png
242,Blissey,Natural Cure,normal,Happiness Pokemon,255,10,10,75,135,55,242,30,1.5,46.8,2,0,0,800000,https://raw.githubusercontent.com/PokeAPI/sprites/master/sprites/pokemon/242.png
243,Raikou,Pressure,electric,Thunder Pokemon,90,85,75,115,100,115,243,3,1.9,178,2,1,,1250000,https://raw.githubusercontent.com/PokeAPI/sprites/master/sprites/pokemon/243.png
244,Entei,Pressure,fire,Volcano Pokemon,115,115,85,90,75,100,244,3,2.1,198,2,1,,1250000,https://raw.githubusercontent.com/PokeAPI/sprites/master/sprites/pokemon/244.png
245,Suicune,Pressure,water,Aurora Pokemon,100,75,115,90,115,85,245,3,2,187,2,1,,1250000,https://raw.githubusercontent.com/PokeAPI/sprites/master/sprites/pokemon/245.png
246,Larvitar,Guts,rock,Rock Skin Pokemon,50,64,50,45,50,41,246,45,0.6,72,2,0,50,1250000,https://raw.githubusercontent.com/PokeAPI/sprites/master/sprites/pokemon/246.png
247,Pupitar,Shed Skin,rock,Hard Shell Pokemon,70,84,70,65,70,51,247,45,1.2,152,2,0,50,1250000,https://raw.githubusercontent.com/PokeAPI/sprites/master/sprites/pokemon/247.png
248,Tyranitar,Sand Stream,rock,Armor Pokemon,100,164,150,95,120,71,248,45,2,202,2,0,50,1250000,https://raw.githubusercontent.com/PokeAPI/sprites/master/sprites/pokemon/248.png
249,Lugia,Pressure,psychic,Diving Pokemon,106,90,130,90,154,110,249,3,5.2,216,2,1,,1250000,https://raw.githubusercontent.com/PokeAPI/sprites/master/sprites/pokemon/249.png
250,Ho-Oh,Pressure,fire,Rainbow Pokemon,106,130,90,110,154,90,250,3,3.8,199,2,1,,1250000,https://raw.githubusercontent.com/PokeAPI/sprites/master/sprites/pokemon/250.png
251,Celebi,Natural Cure,psychic,Time Travel Pokemon,100,100,100,100,100,100,251,45,0.6,5,2,1,,1059860,https://raw.githubusercontent.com/PokeAPI/sprites/master/sprites/pokemon/251.png
252,Treecko,Overgrow,grass,Wood Gecko Pokemon,40,45,35,65,55,70,252,45,0.5,5,3,0,88.1,1059860,https://raw.githubusercontent.com/PokeAPI/sprites/master/sprites/pokemon/252.png
253,Grovyle,Overgrow,grass,Wood Gecko Pokemon,50,65,45,85,65,95,253,45,0.9,21.6,3,0,88.1,1059860,https://raw.githubusercontent.com/PokeAPI/sprites/master/sprites/pokemon/253.png
254,Sceptile,Overgrow,grass,Forest Pokemon,70,110,75,145,85,145,254,45,1.7,52.2,3,0,88.1,1059860,https://raw.githubusercontent.com/PokeAPI/sprites/master/sprites/pokemon/254.png
255,Torchic,Blaze,fire,Chick Pokemon,45,60,40,70,50,45,255,45,0.4,2.5,3,0,88.1,1059860,https://raw.githubusercontent.com/PokeAPI/sprites/master/sprites/pokemon/255.png
256,Combusken,Blaze,fire,Young Fowl Pokemon,60,85,60,85,60,55,256,45,0.9,19.5,3,0,88.1,1059860,https://raw.githubusercontent.com/PokeAPI/sprites/master/sprites/pokemon/256.png
257,Blaziken,Blaze,fire,Blaze Pokemon,80,160,80,130,80,100,257,45,1.9,52,3,0,88.1,1059860,https://raw.githubusercontent.com/PokeAPI/sprites/master/sprites/pokemon/257.png
258,Mudkip,Torrent,water,Mud Fish Pokemon,50,70,50,50,50,40,258,45,0.4,7.6,3,0,88.1,1059860,https://raw.githubusercontent.com/PokeAPI/sprites/master/sprites/pokemon/258.png
259,Marshtomp,Torrent,water,Mud Fish Pokemon,70,85,70,60,70,50,259,45,0.7,28,3,0,88.1,1059860,https://raw.githubusercontent.com/PokeAPI/sprites/master/sprites/pokemon/259.png
260,Swampert,Torrent,water,Mud Fish Pokemon,100,150,110,95,110,70,260,45,1.5,81.9,3,0,88.1,1059860,https://raw.githubusercontent.com/PokeAPI/sprites/master/sprites/pokemon/260.png
261,Poochyena,Run Away,dark,Bite Pokemon,35,55,35,30,30,35,261,255,0.5,13.6,3,0,50,1000000,https://raw.githubusercontent.com/PokeAPI/sprites/master/sprites/pokemon/261.png
262,Mightyena,Intimidate,dark,Bite Pokemon,70,90,70,60,60,70,262,127,1,37,3,0,50,1000000,https://raw.githubusercontent.com/PokeAPI/sprites/master/sprites/pokemon/262.png
263,Zigzagoon,Pickup,normal,Tiny Racoon Pokemon,38,30,41,30,41,60,263,255,0.4,17.5,3,0,50,1000000,https://raw.githubusercontent.com/PokeAPI/sprites/master/sprites/pokemon/263.png
264,Linoone,Pickup,normal,Rush Pokemon,78,70,61,50,61,100,264,90,0.5,32.5,3,0,50,1000000,https://raw.githubusercontent.com/PokeAPI/sprites/master/sprites/pokemon/264.png
265,Wurmple,Shield Dust,bug,Worm Pokemon,45,45,35,20,30,20,265,255,0.3,3.6,3,0,50,1000000,https://raw.githubusercontent.com/PokeAPI/sprites/master/sprites/pokemon/265.png
266,Silcoon,Shed Skin,bug,Cocoon Pokemon,50,35,55,25,25,15,266,120,0.6,10,3,0,50,1000000,https://raw.githubusercontent.com/PokeAPI/sprites/master/sprites/pokemon/266.png
267,Beautifly,Swarm,bug,Butterfly Pokemon,60,70,50,100,50,65,267,45,1,28.4,3,0,50,1000000,https://raw.githubusercontent.com/PokeAPI/sprites/master/sprites/pokemon/267.png
268,Cascoon,Shed Skin,bug,Cocoon Pokemon,50,35,55,25,25,15,268,120,0.7,11.5,3,0,50,1000000,https://raw.githubusercontent.com/PokeAPI/sprites/master/sprites/pokemon/268.png
269,Dustox,Shield Dust,bug,Poison Moth Pokemon,60,50,70,50,90,65,269,45,1.2,31.6,3,0,50,1000000,https://raw.githubusercontent.com/PokeAPI/sprites/master/sprites/pokemon/269.png
270,Lotad,Swift Swim,water,Water Weed Pokemon,40,30,30,40,50,30,270,255,0.5,2.6,3,0,50,1059860,https://raw.githubusercontent.com/PokeAPI/sprites/master/sprites/pokemon/270.png
271,Lombre,Swift Swim,water,Jolly Pokemon,60,50,50,60,70,50,271,120,1.2,32.5,3,0,50,1059860,https://raw.githubusercontent.com/PokeAPI/sprites/master/sprites/pokemon/271.png
272,Ludicolo,Swift Swim,water,Carefree Pokemon,80,70,70,90,100,70,272,45,1.5,55,3,0,50,1059860,https://raw.githubusercontent.com/PokeAPI/sprites/master/sprites/pokemon/272.png
273,Seedot,Chlorophyll,grass,Acorn Pokemon,40,40,50,30,30,30,273,255,0.5,4,3,0,50,1059860,https://raw.githubusercontent.com/PokeAPI/sprites/master/sprites/pokemon/273.png
274,Nuzleaf,Chlorophyll,grass,Wily Pokemon,70,70,40,60,40,60,274,120,1,28,3,0,50,1059860,https://raw.githubusercontent.com/PokeAPI/sprites/master/sprites/pokemon/274.png
275,Shiftry,Chlorophyll,grass,Wickid Pokemon,90,100,60,90,60,80,275,45,1.3,59.6,3,0,50,1059860,https://raw.githubusercontent.com/PokeAPI/sprites/master/sprites/pokemon/275.png
276,Taillow,Guts,normal,TinySwallow Pokemon,40,55,30,30,30,85,276,200,0.3,2.3,3,0,50,1059860,https://raw.githubusercontent.com/PokeAPI/sprites/master/sprites/pokemon/276.png
277,Swellow,Guts,normal,Swallow Pokemon,60,85,60,75,50,125,277,45,0.7,19.8,3,0,50,1059860,https://raw.githubusercontent.com/PokeAPI/sprites/master/sprites/pokemon/277.png
278,Wingull,Keen Eye,water,Seagull Pokemon,40,30,30,55,30,85,278,190,0.6,9.5,3,0,50,1000000,https://raw.githubusercontent.com/PokeAPI/sprites/master/sprites/pokemon/278.png
279,Pelipper,Keen Eye,water,Water Bird Pokemon,60,50,100,95,70,65,279,45,1.2,28,3,0,50,1000000,https://raw.githubusercontent.com/PokeAPI/sprites/master/sprites/pokemon/279.png
280,Ralts,Synchronize,psychic,Feeling Pokemon,28,25,25,45,35,40,280,235,0.4,6.6,3,0,50,1250000,https://raw.githubusercontent.com/PokeAPI/sprites/master/sprites/pokemon/280.png
281,Kirlia,Synchronize,psychic,Emotion Pokemon,38,35,35,65,55,50,281,120,0.8,20.2,3,0,50,1250000,https://raw.githubusercontent.com/PokeAPI/sprites/master/sprites/pokemon/281.png
282,Gardevoir,Synchronize,psychic,Embrace Pokemon,68,85,65,165,135,100,282,45,1.6,48.4,3,0,50,1250000,https://raw.githubusercontent.com/PokeAPI/sprites/master/sprites/pokemon/282.png
283,Surskit,Swift Swim,bug,Pond Skater Pokemon,40,30,32,50,52,65,283,200,0.5,1.7,3,0,50,1000000,https://raw.githubusercontent.com/PokeAPI/sprites/master/sprites/pokemon/283.png
284,Masquerain,Intimidate,bug,Eyeball Pokemon,70,60,62,100,82,80,284,75,0.8,3.6,3,0,50,1000000,https://raw.githubusercontent.com/PokeAPI/sprites/master/sprites/pokemon/284.png
285,Shroomish,Effect Spore,grass,Mushroom Pokemon,60,40,60,40,60,35,285,255,0.4,4.5,3,0,50,1640000,https://raw.githubusercontent.com/PokeAPI/sprites/master/sprites/pokemon/285.png
286,Breloom,Effect Spore,grass,Mushroom Pokemon,60,130,80,60,60,70,286,90,1.2,39.2,3,0,50,1640000,https://raw.githubusercontent.com/PokeAPI/sprites/master/sprites/pokemon/286.png
287,Slakoth,Truant,normal,Slacker Pokemon,60,60,60,35,35,30,287,255,0.8,24,3,0,50,1250000,https://raw.githubusercontent.com/PokeAPI/sprites/master/sprites/pokemon/287.png
288,Vigoroth,Vital Spirit,normal,Wild Monkey Pokemon,80,80,80,55,55,90,288,120,1.4,46.5,3,0,50,1250000,https://raw.githubusercontent.com/PokeAPI/sprites/master/sprites/pokemon/288.png
289,Slaking,Truant,normal,Lazy Pokemon,150,160,100,95,65,100,289,45,2,130.5,3,0,50,1250000,https://raw.githubusercontent.com/PokeAPI/sprites/master/sprites/pokemon/289.png
290,Nincada,Compoundeyes,bug,Trainee Pokemon,31,45,90,30,30,40,290,255,0.5,5.5,3,0,50,600000,https://raw.githubusercontent.com/PokeAPI/sprites/master/sprites/pokemon/290.png
291,Ninjask,Speed Boost,bug,Ninja Pokemon,61,90,45,50,50,160,291,120,0.8,12,3,0,50,600000,https://raw.githubusercontent.com/PokeAPI/sprites/master/sprites/pokemon/291.png
292,Shedinja,Wonder Guard,bug,Shed Pokemon,1,90,45,30,30,40,292,45,0.8,1.2,3,0,,600000,https://raw.githubusercontent.com/PokeAPI/sprites/master/sprites/pokemon/292.png
293,Whismur,Soundproof,normal,Whisper Pokemon,64,51,23,51,23,28,293,190,0.6,16.3,3,0,50,1059860,https://raw.githubusercontent.com/PokeAPI/sprites/master/sprites/pokemon/293.png
294,Loudred,Soundproof,normal,Big Voice Pokemon,84,71,43,71,43,48,294,120,1,40.5,3,0,50,1059860,https://raw.githubusercontent.com/PokeAPI/sprites/master/sprites/pokemon/294.png
295,Exploud,Soundproof,normal,Loud Noise Pokemon,104,91,63,91,73,68,295,45,1.5,84,3,0,50,1059860,https://raw.githubusercontent.com/PokeAPI/sprites/master/sprites/pokemon/295.png
296,Makuhita,Thick Fat,fighting,Guts Pokemon,72,60,30,20,30,25,296,180,1,86.4,3,0,75.4,1640000,https://raw.githubusercontent.com/PokeAPI/sprites/master/sprites/pokemon/296.png
297,Hariyama,Thick Fat,fighting,Arm Thrust Pokemon,144,120,60,40,60,50,297,200,2.3,253.8,3,0,75.4,1640000,https://raw.githubusercontent.com/PokeAPI/sprites/master/sprites/pokemon/297.png
298,Azurill,Thick Fat,normal,Polka Dot Pokemon,50,20,40,20,40,20,298,150,0.2,2,3,0,24.6,800000,https://raw.githubusercontent.com/PokeAPI/sprites/master/sprites/pokemon/298.png
299,Nosepass,Sturdy,rock,Compass Pokemon,30,45,135,45,90,30,299,255,1,97,3,0,50,1000000,https://raw.githubusercontent.com/PokeAPI/sprites/master/sprites/pokemon/299.png
300,Skitty,Cute Charm,normal,Kitten Pokemon,50,45,45,35,35,50,300,255,0.6,11,3,0,24.6,800000,https://raw.githubusercontent.com/PokeAPI/sprites/master/sprites/pokemon/300.png
301,Delcatty,Cute Charm,normal,Prim Pokemon,70,65,65,55,55,90,301,60,1.1,32.6,3,0,24.6,800000,https://raw.githubusercontent.com/PokeAPI/sprites/master/sprites/pokemon/301.png
302,Sableye,Keen Eye,dark,Darkness Pokemon,50,85,125,85,115,20,302,45,0.5,11,3,0,50,1059860,https://raw.githubusercontent.com/PokeAPI/sprites/master/sprites/pokemon/302.png
303,Mawile,Hyper Cutter,steel,Deceiver Pokemon,50,105,125,55,95,50,303,45,0.6,11.5,3,0,50,800000,https://raw.githubusercontent.com/PokeAPI/sprites/master/sprites/pokemon/303.png
304,Aron,Sturdy,steel,Iron Armor Pokemon,50,70,100,40,40,30,304,180,0.4,60,3,0,50,1250000,https://raw.githubusercontent.com/PokeAPI/sprites/master/sprites/pokemon/304.png
305,Lairon,Sturdy,steel,Iron Armor Pokemon,60,90,140,50,50,40,305,90,0.9,120,3,0,50,1250000,https://raw.githubusercontent.com/PokeAPI/sprites/master/sprites/pokemon/305.png
306,Aggron,Sturdy,steel,Iron Armor Pokemon,70,140,230,60,80,50,306,45,2.1,360,3,0,50,1250000,https://raw.githubusercontent.com/PokeAPI/sprites/master/sprites/pokemon/306.png
307,Meditite,Pure Power,fighting,Meditate Pokemon,30,40,55,40,55,60,307,180,0.6,11.2,3,0,50,1000000,https://raw.githubusercontent.com/PokeAPI/sprites/master/sprites/pokemon/307.png
308,Medicham,Pure Power,fighting,Meditate Pokemon,60,100,85,80,85,100,308,90,1.3,31.5,3,0,50,1000000,https://raw.githubusercontent.com/PokeAPI/sprites/master/sprites/pokemon/308.png
309,Electrike,Static,electric,Lightning Pokemon,40,45,40,65,40,65,309,120,0.6,15.2,3,0,50,1250000,https://raw.githubusercontent.com/PokeAPI/sprites/master/sprites/pokemon/309.png
310,Manectric,Static,electric,Discharge Pokemon,70,75,80,135,80,135,310,45,1.5,40.2,3,0,50,1250000,https://raw.githubusercontent.com/PokeAPI/sprites/master/sprites/pokemon/310.png
311,Plusle,Plus,electric,Cheering Pokemon,60,50,40,85,75,95,311,200,0.4,4.2,3,0,50,1000000,https://raw.githubusercontent.com/PokeAPI/sprites/master/sprites/pokemon/311.png
312,Minun,Minus,electric,Cheering Pokemon,60,40,50,75,85,95,312,200,0.4,4.2,3,0,50,1000000,https://raw.githubusercontent.com/PokeAPI/sprites/master/sprites/pokemon/312.png
313,Volbeat,Illuminate,bug,Firefly Pokemon,65,73,75,47,85,85,313,150,0.7,17.7,3,0,100,600000,https://raw.githubusercontent.com/PokeAPI/sprites/master/sprites/pokemon/313.png
314,Illumise,Oblivious,bug,Firefly Pokemon,65,47,75,73,85,85,314,150,0.6,17.7,3,0,0,1640000,https://raw.githubusercontent.com/PokeAPI/sprites/master/sprites/pokemon/314.png
315,Roselia,Natural Cure,grass,Thorn Pokemon,50,60,45,100,80,65,315,150,0.3,2,3,0,50,1059860,https://raw.githubusercontent.com/PokeAPI/sprites/master/sprites/pokemon/315.png
316,Gulpin,Liquid Ooze,poison,Stomach Pokemon,70,43,53,43,53,40,316,225,0.4,10.3,3,0,50,1640000,https://raw.githubusercontent.com/PokeAPI/sprites/master/sprites/pokemon/316.png
317,Swalot,Liquid Ooze,poison,Poison Bag Pokemon,100,73,83,73,83,55,317,75,1.7,80,3,0,50,1640000,https://raw.githubusercontent.com/PokeAPI/sprites/master/sprites/pokemon/317.png
318,Carvanha,Rough Skin,water,Savage Pokemon,45,90,20,65,20,65,318,225,0.8,20.8,3,0,50,1250000,https://raw.githubusercontent.com/PokeAPI/sprites/master/sprites/pokemon/318.png
319,Sharpedo,Rough Skin,water,Brutal Pokemon,70,140,70,110,65,105,319,60,1.8,88.8,3,0,50,1250000,https://raw.githubusercontent.com/PokeAPI/sprites/master/sprites/pokemon/319.png
320,Wailmer,Water Veil,water,Ball Whale Pokemon,130,70,35,70,35,60,320,125,2,130,3,0,50,1640000,https://raw.githubusercontent.com/PokeAPI/sprites/master/sprites/pokemon/320.png
321,Wailord,Water Veil,water,Float Whale Pokemon,170,90,45,90,45,60,321,60,14.5,398,3,0,50,1640000,https://raw.githubusercontent.com/PokeAPI/sprites/master/sprites/pokemon/321.png
322,Numel,Oblivious,fire,Numb Pokemon,60,60,40,65,45,35,322,255,0.7,24,3,0,50,1000000,https://raw.githubusercontent.com/PokeAPI/sprites/master/sprites/pokemon/322.png
323,Camerupt,Magma Armor,fire,Eruption Pokemon,70,120,100,145,105,20,323,150,1.9,220,3,0,50,1000000,https://raw.githubusercontent.com/PokeAPI/sprites/master/sprites/pokemon/323.png
324,Torkoal,White Smoke,fire,Coal Pokemon,70,85,140,85,70,20,324,90,0.5,80.4,3,0,50,1000000,https://raw.githubusercontent.com/PokeAPI/sprites/master/sprites/pokemon/324.png
325,Spoink,Thick Fat,psychic,Bounce Pokemon,60,25,35,70,80,60,325,255,0.7,30.6,3,0,50,800000,https://raw.githubusercontent.com/PokeAPI/sprites/master/sprites/pokemon/325.png
326,Grumpig,Thick Fat,psychic,Manipulate Pokemon,80,45,65,90,110,80,326,60,0.9,71.5,3,0,50,800000,https://raw.githubusercontent.com/PokeAPI/sprites/master/sprites/pokemon/326.png
327,Spinda,Own Tempo,normal,Spot Panda Pokemon,60,60,60,60,60,60,327,255,1.1,5,3,0,50,800000,https://raw.githubusercontent.com/PokeAPI/sprites/master/sprites/pokemon/327.png
328,Trapinch,Hyper Cutter,ground,Ant Pit Pokemon,45,100,45,45,45,10,328,255,0.7,15,3,0,50,1059860,https://raw.githubusercontent.com/PokeAPI/sprites/master/sprites/pokemon/328.png
329,Vibrava,Levitate,ground,Vibration Pokemon,50,70,50,50,50,70,329,120,1.1,15.3,3,0,50,1059860,https://raw.githubusercontent.com/PokeAPI/sprites/master/sprites/pokemon/329.png
330,Flygon,Levitate,ground,Mystic Pokemon,80,100,80,80,80,100,330,45,2,82,3,0,50,1059860,https://raw.githubusercontent.com/PokeAPI/sprites/master/sprites/pokemon/330.png
331,Cacnea,Sand Veil,grass,Cactus Pokemon,50,85,40,85,40,35,331,190,0.4,51.3,3,0,50,1059860,https://raw.githubusercontent.com/PokeAPI/sprites/master/sprites/pokemon/331.png
332,Cacturne,Sand Veil,grass,Scarecrow Pokemon,70,115,60,115,60,55,332,60,1.3,77.4,3,0,50,1059860,https://raw.githubusercontent.com/PokeAPI/sprites/master/sprites/pokemon/332.png
333,Swablu,Natural Cure,normal,Cotton Bird Pokemon,45,40,60,40,75,50,333,255,0.4,1.2,3,0,50,600000,https://raw.githubusercontent.com/PokeAPI/sprites/master/sprites/pokemon/333.png
334,Altaria,Natural Cure,dragon,Humming Pokemon,75,110,110,110,105,80,334,45,1.1,20.6,3,0,50,600000,https://raw.githubusercontent.com/PokeAPI/sprites/master/sprites/pokemon/334.png
335,Zangoose,Immunity,normal,Cat Ferret Pokemon,73,115,60,60,60,90,335,90,1.3,40.3,3,0,50,600000,https://raw.githubusercontent.com/PokeAPI/sprites/master/sprites/pokemon/335.png
336,Seviper,Shed Skin,poison,Fang Snake Pokemon,73,100,60,100,60,65,336,90,2.7,52.5,3,0,50,1640000,https://raw.githubusercontent.com/PokeAPI/sprites/master/sprites/pokemon/336.png
337,Lunatone,Levitate,rock,Meteorite Pokemon,90,55,65,95,85,70,337,45,1,168,3,0,,800000,https://raw.githubusercontent.com/PokeAPI/sprites/master/sprites/pokemon/337.png
338,Solrock,Levitate,rock,Meteorite Pokemon,90,95,85,55,65,70,338,45,1.2,154,3,0,,800000,https://raw.githubusercontent.com/PokeAPI/sprites/master/sprites/pokemon/338.png
339,Barboach,Oblivious,water,Whiskers Pokemon,50,48,43,46,41,60,339,190,0.4,1.9,3,0,50,1000000,https://raw.githubusercontent.com/PokeAPI/sprites/master/sprites/pokemon/339.png
340,Whiscash,Oblivious,water,Whiskers Pokemon,110,78,73,76,71,60,340,75,0.9,23.6,3,0,50,1000000,https://raw.githubusercontent.com/PokeAPI/sprites/master/sprites/pokemon/340.png
341,Corphish,Hyper Cutter,water,Ruffian Pokemon,43,80,65,50,35,35,341,205,0.6,11.5,3,0,50,1640000,https://raw.githubusercontent.com/PokeAPI/sprites/master/sprites/pokemon/341.png
342,Crawdaunt,Hyper Cutter,water,Rogue Pokemon,63,120,85,90,55,55,342,155,1.1,32.8,3,0,50,1640000,https://raw.githubusercontent.com/PokeAPI/sprites/master/sprites/pokemon/342.png
343,Baltoy,Levitate,ground,Clay Doll Pokemon,40,40,55,40,70,55,343,255,0.5,21.5,3,0,,1000000,https://raw.githubusercontent.com/PokeAPI/sprites/master/sprites/pokemon/343.png
344,Claydol,Levitate,ground,Clay Doll Pokemon,60,70,105,70,120,75,344,90,1.5,108,3,0,,1000000,https://raw.githubusercontent.com/PokeAPI/sprites/master/sprites/pokemon/344.png
345,Lileep,Suction Cups,rock,Sea Lily Pokemon,66,41,77,61,87,23,345,45,1,23.8,3,0,88.1,600000,https://raw.githubusercontent.com/PokeAPI/sprites/master/sprites/pokemon/345.png
346,Cradily,Suction Cups,rock,Barnacle Pokemon,86,81,97,81,107,43,346,45,1.5,60.4,3,0,88.1,600000,https://raw.githubusercontent.com/PokeAPI/sprites/master/sprites/pokemon/346.png
347,Anorith,Battle Armor,rock,Old Shrimp Pokemon,45,95,50,40,50,75,347,45,0.7,12.5,3,0,88.1,600000,https://raw.githubusercontent.com/PokeAPI/sprites/master/sprites/pokemon/347.png
348,Armaldo,Battle Armor,rock,Plate Pokemon,75,125,100,70,80,45,348,45,1.5,68.2,3,0,88.1,600000,https://raw.githubusercontent.com/PokeAPI/sprites/master/sprites/pokemon/348.png
349,Feebas,Swift Swim,water,Fish Pokemon,20,15,20,10,55,80,349,255,0.6,7.4,3,0,50,600000,https://raw.githubusercontent.com/PokeAPI/sprites/master/sprites/pokemon/349.png
350,Milotic,Marvel Scale,water,Tender Pokemon,95,60,79,100,125,81,350,60,6.2,162,3,0,50,600000,https://raw.githubusercontent.com/PokeAPI/sprites/master/sprites/pokemon/350.png
351,Castform,Forecast,normal,Weather Pokemon,70,70,70,70,70,70,351,45,0.3,0.8,3,0,50,1000000,https://raw.githubusercontent.com/PokeAPI/sprites/master/sprites/pokemon/351.png
352,Kecleon,Color Change,normal,Color Swap Pokemon,60,90,70,60,120,40,352,200,1,22,3,0,50,1059860,https://raw.githubusercontent.com/PokeAPI/sprites/master/sprites/pokemon/352.png
353,Shuppet,Insomnia,ghost,Puppet Pokemon,44,75,35,63,33,45,353,225,0.6,2.3,3,0,50,800000,https://raw.githubusercontent.com/PokeAPI/sprites/master/sprites/pokemon/353.png
354,Banette,Insomnia,ghost,Marionette Pokemon,64,165,75,93,83,75,354,45,1.1,12.5,3,0,50,800000,https://raw.githubusercontent.com/PokeAPI/sprites/master/sprites/pokemon/354.png
355,Duskull,Levitate,ghost,Requiem Pokemon,20,40,90,30,90,25,355,190,0.8,15,3,0,50,800000,https://raw.githubusercontent.com/PokeAPI/sprites/master/sprites/pokemon/355.png
356,Dusclops,Pressure,ghost,Beckon Pokemon,40,70,130,60,130,25,356,90,1.6,30.6,3,0,50,800000,https://raw.githubusercontent.com/PokeAPI/sprites/master/sprites/pokemon/356.png
357,Tropius,Chlorophyll,grass,Fruit Pokemon,99,68,83,72,87,51,357,200,2,100,3,0,50,1250000,https://raw.githubusercontent.com/PokeAPI/sprites/master/sprites/pokemon/357.png
358,Chimecho,Levitate,psychic,Wind Chime Pokemon,75,50,80,95,90,65,358,45,0.6,1,3,0,50,800000,https://raw.githubusercontent.com/PokeAPI/sprites/master/sprites/pokemon/358.png
359,Absol,Pressure,dark,Disaster Pokemon,65,150,60,115,60,115,359,30,1.2,47,3,0,50,1059860,https://raw.githubusercontent.com/PokeAPI/sprites/master/sprites/pokemon/359.png
360,Wynaut,Shadow Tag,psychic,Bright Pokemon,95,23,48,23,48,23,360,125,0.6,14,3,0,50,1000000,https://raw.githubusercontent.com/PokeAPI/sprites/master/sprites/pokemon/360.png
361,Snorunt,Inner Focus,ice,Snow Hat Pokemon,50,50,50,50,50,50,361,190,0.7,16.8,3,0,50,1000000,https://raw.githubusercontent.com/PokeAPI/sprites/master/sprites/pokemon/361.png
362,Glalie,Inner Focus,ice,Face Pokemon,80,120,80,120,80,100,362,75,1.5,256.5,3,0,50,1000000,https://raw.githubusercontent.com/PokeAPI/sprites/master/sprites/pokemon/362.png
363,Spheal,Thick Fat,ice,Clap Pokemon,70,40,50,55,50,25,363,255,0.8,39.5,3,0,50,1059860,https://raw.githubusercontent.com/PokeAPI/sprites/master/sprites/pokemon/363.png
364,Sealeo,Thick Fat,ice,Ball Roll Pokemon,90,60,70,75,70,45,364,120,1.1,87.6,3,0,50,1059860,https://raw.githubusercontent.com/PokeAPI/sprites/master/sprites/pokemon/364.png
365,Walrein,Thick Fat,ice,Ice Break Pokemon,110,80,90,95,90,65,365,45,1.4,150.6,3,0,50,1059860,https://raw.githubusercontent.com/PokeAPI/sprites/master/sprites/pokemon/365.png
366,Clamperl,Shell Armor,water,Bivalve Pokemon,35,64,85,74,55,32,366,255,0.4,52.5,3,0,50,600000,https://raw.githubusercontent.com/PokeAPI/sprites/master/sprites/pokemon/366.png
367,Huntail,Swift Swim,water,Deep Sea Pokemon,55,104,105,94,75,52,367,60,1.7,27,3,0,50,600000,https://raw.githubusercontent.com/PokeAPI/sprites/master/sprites/pokemon/367.png
368,Gorebyss,Swift Swim,water,South Sea Pokemon,55,84,105,114,75,52,368,60,1.8,22.6,3,0,50,600000,https://raw.githubusercontent.com/PokeAPI/sprites/master/sprites/pokemon/368.png
369,Relicanth,Swift Swim,water,Longevity Pokemon,100,90,130,45,65,55,369,25,1,23.4,3,0,88.1,1250000,https://raw.githubusercontent.com/PokeAPI/sprites/master/sprites/pokemon/369.png
370,Luvdisc,Swift Swim,water,Rendezvous Pokemon,43,30,55,40,65,97,370,225,0.6,8.7,3,0,24.6,800000,https://raw.githubusercontent.com/PokeAPI/sprites/master/sprites/pokemon/370.png
371,Bagon,Rock Head,dragon,Rock Head Pokemon,45,75,60,40,30,50,371,45,0.6,42.1,3,0,50,1250000,https://raw.githubusercontent.com/PokeAPI/sprites/master/sprites/pokemon/371.png
372,Shelgon,Rock Head,dragon,Endurance Pokemon,65,95,100,60,50,50,372,45,1.1,110.5,3,0,50,1250000,https://raw.githubusercontent.com/PokeAPI/sprites/master/sprites/pokemon/372.png
373,Salamence,Intimidate,dragon,Dragon Pokemon,95,145,130,120,90,120,373,45,1.5,102.6,3,0,50,1250000,https://raw.githubusercontent.com/PokeAPI/sprites/master/sprites/pokemon/373.png
374,Beldum,Clear Body,steel,Iron Ball Pokemon,40,55,80,35,60,30,374,3,0.6,95.2,3,0,,1250000,https://raw.githubusercontent.com/PokeAPI/sprites/master/sprites/pokemon/374.png
375,Metang,Clear Body,steel,Iron Claw Pokemon,60,75,100,55,80,50,375,3,1.2,202.5,3,0,,1250000,https://raw.githubusercontent.com/PokeAPI/sprites/master/sprites/pokemon/375.png
376,Metagross,Clear Body,steel,Iron Leg Pokemon,80,145,150,105,110,110,376,3,1.6,550,3,0,,1250000,https://raw.githubusercontent.com/PokeAPI/sprites/master/sprites/pokemon/376.png
377,Regirock,Clear Body,rock,Rock Peak Pokemon,80,100,200,50,100,50,377,3,1.7,230,3,1,,1250000,https://raw.githubusercontent.com/PokeAPI/sprites/master/sprites/pokemon/377.png
378,Regice,Clear Body,ice,Iceberg Pokemon,80,50,100,100,200,50,378,3,1.8,175,3,1,,1250000,https://raw.githubusercontent.com/PokeAPI/sprites/master/sprites/pokemon/378.png
379,Registeel,Clear Body,steel,Iron Pokemon,80,75,150,75,150,50,379,3,1.9,205,3,1,,1250000,https://raw.githubusercontent.com/PokeAPI/sprites/master/sprites/pokemon/379.png
380,Latias,Levitate,dragon,Eon Pokemon,80,100,120,140,150,110,380,3,1.4,40,3,1,0,1250000,https://raw.githubusercontent.com/PokeAPI/sprites/master/sprites/pokemon/380.png
381,Latios,Levitate,dragon,Eon Pokemon,80,130,100,160,120,110,381,3,2,60,3,1,100,1250000,https://raw.githubusercontent.com/PokeAPI/sprites/master/sprites/pokemon/381.png
382,Kyogre,Drizzle,water,Sea Basin Pokemon,100,150,90,180,160,90,382,3,4.5,352,3,1,,1250000,https://raw.githubusercontent.com/PokeAPI/sprites/master/sprites/pokemon/382.png
383,Groudon,Drought,ground,Continent Pokemon,100,180,160,150,90,90,383,3,3.5,950,3,1,,1250000,https://raw.githubusercontent.com/PokeAPI/sprites/master/sprites/pokemon/383.png
384,Rayquaza,Air Lock,dragon,Sky High Pokemon,105,180,100,180,100,115,384,45,7,206.5,3,1,,1250000,https://raw.githubusercontent.com/PokeAPI/sprites/master/sprites/pokemon/384.png
385,Jirachi,Serene Grace,steel,Wish Pokemon,100,100,100,100,100,100,385,3,0.3,1.1,3,1,,1250000,https://raw.githubusercontent.com/PokeAPI/sprites/master/sprites/pokemon/385.png
386,Deoxys,Pressure,psychic,DNA Pokemon,50,95,90,95,90,180,386,3,1.7,60.8,3,1,,1250000,https://raw.githubusercontent.com/PokeAPI/sprites/master/sprites/pokemon/386.png
387,Turtwig,Overgrow,grass,Tiny Leaf Pokemon,55,68,64,45,55,31,387,45,0.4,10.2,4,0,88.1,1059860,https://raw.githubusercontent.com/PokeAPI/sprites/master/sprites/pokemon/387.png
388,Grotle,Overgrow,grass,Grove Pokemon,75,89,85,55,65,36,388,45,1.1,97,4,0,88.1,1059860,https://raw.githubusercontent.com/PokeAPI/sprites/master/sprites/pokemon/388.png
389,Torterra,Overgrow,grass,Continent Pokemon,95,109,105,75,85,56,389,45,2.2,310,4,0,88.1,1059860,https://raw.githubusercontent.com/PokeAPI/sprites/master/sprites/pokemon/389.png
390,Chimchar,Blaze,fire,Chimp Pokemon,44,58,44,58,44,61,390,45,0.5,6.2,4,0,88.1,1059860,https://raw.githubusercontent.com/PokeAPI/sprites/master/sprites/pokemon/390.png
391,Monferno,Blaze,fire,Playful Pokemon,64,78,52,78,52,81,391,45,0.9,22,4,0,88.1,1059860,https://raw.githubusercontent.com/PokeAPI/sprites/master/sprites/pokemon/391.png
392,Infernape,Blaze,fire,Flame Pokemon,76,104,71,104,71,108,392,45,1.2,55,4,0,88.1,1059860,https://raw.githubusercontent.com/PokeAPI/sprites/master/sprites/pokemon/392.png
393,Piplup,Torrent,water,Penguin Pokemon,53,51,53,61,56,40,393,45,0.4,5.2,4,0,88.1,1059860,https://raw.githubusercontent.com/PokeAPI/sprites/master/sprites/pokemon/393.png
394,Prinplup,Torrent,water,Penguin Pokemon,64,66,68,81,76,50,394,45,0.8,23,4,0,88.1,1059860,https://raw.githubusercontent.com/PokeAPI/sprites/master/sprites/pokemon/394.png
395,Empoleon,Torrent,water,Emperor Pokemon,84,86,88,111,101,60,395,45,1.7,84.5,4,0,88.1,1059860,https://raw.githubusercontent.com/PokeAPI/sprites/master/sprites/pokemon/395.png
396,Starly,Keen Eye,normal,Starling Pokemon,40,55,30,30,30,60,396,255,0.3,2,4,0,50,1059860,https://raw.githubusercontent.com/PokeAPI/sprites/master/sprites/pokemon/396.png
397,Staravia,Intimidate,normal,Starling Pokemon,55,75,50,40,40,80,397,120,0.6,15.5,4,0,50,1059860,https://raw.githubusercontent.com/PokeAPI/sprites/master/sprites/pokemon/397.png
398,Staraptor,Intimidate,normal,Predator Pokemon,85,120,70,50,60,100,398,45,1.2,24.9,4,0,50,1059860,https://raw.githubusercontent.com/PokeAPI/sprites/master/sprites/pokemon/398.png
399,Bidoof,Simple,normal,Plump Mouse Pokemon,59,45,40,35,40,31,399,255,0.5,20,4,0,50,1000000,https://raw.githubusercontent.com/PokeAPI/sprites/master/sprites/pokemon/399.png
400,Bibarel,Simple,normal,Beaver Pokemon,79,85,60,55,60,71,400,127,1,31.5,4,0,50,1000000,https://raw.githubusercontent.com/PokeAPI/sprites/master/sprites/pokemon/400.png
401,Kricketot,Shed Skin,bug,Cricket Pokemon,37,25,41,25,41,25,401,255,0.3,2.2,4,0,50,1059860,https://raw.githubusercontent.com/PokeAPI/sprites/master/sprites/pokemon/401.png
402,Kricketune,Swarm,bug,Cricket Pokemon,77,85,51,55,51,65,402,45,1,25.5,4,0,50,1059860,https://raw.githubusercontent.com/PokeAPI/sprites/master/sprites/pokemon/402.png
403,Shinx,Rivalry,electric,Flash Pokemon,45,65,34,40,34,45,403,235,0.5,9.5,4,0,50,1059860,https://raw.githubusercontent.com/PokeAPI/sprites/master/sprites/pokemon/403.png
404,Luxio,Rivalry,electric,Spark Pokemon,60,85,49,60,49,60,404,120,0.9,30.5,4,0,50,1059860,https://raw.githubusercontent.com/PokeAPI/sprites/master/sprites/pokemon/404.png
405,Luxray,Rivalry,electric,Gleam Eyes Pokemon,80,120,79,95,79,70,405,45,1.4,42,4,0,50,1059860,https://raw.githubusercontent.com/PokeAPI/sprites/master/sprites/pokemon/405.png
406,Budew,Natural Cure,grass,Bud Pokemon,40,30,35,50,70,55,406,255,0.2,1.2,4,0,50,1059860,https://raw.githubusercontent.com/PokeAPI/sprites/master/sprites/pokemon/406.png
407,Roserade,Natural Cure,grass,Bouquet Pokemon,60,70,65,125,105,90,407,75,0.9,14.5,4,0,50,1059860,https://raw.githubusercontent.com/PokeAPI/sprites/master/sprites/pokemon/407.png
408,Cranidos,Mold Breaker,rock,Head Butt Pokemon,67,125,40,30,30,58,408,45,0.9,31.5,4,0,88.1,600000,https://raw.githubusercontent.com/PokeAPI/sprites/master/sprites/pokemon/408.png
409,Rampardos,Mold Breaker,rock,Head Butt Pokemon,97,165,60,65,50,58,409,45,1.6,102.5,4,0,88.1,600000,https://raw.githubusercontent.com/PokeAPI/sprites/master/sprites/pokemon/409.png
410,Shieldon,Sturdy,rock,Shield Pokemon,30,42,118,42,88,30,410,45,0.5,57,4,0,88.1,600000,https://raw.githubusercontent.com/PokeAPI/sprites/master/sprites/pokemon/410.png
411,Bastiodon,Sturdy,rock,Shield Pokemon,60,52,168,47,138,30,411,45,1.3,149.5,4,0,88.1,600000,https://raw.githubusercontent.com/PokeAPI/sprites/master/sprites/pokemon/411.png
412,Burmy,Shed Skin,bug,Bagworm Pokemon,40,29,45,29,45,36,412,120,0.2,3.4,4,0,50,1000000,https://raw.githubusercontent.com/PokeAPI/sprites/master/sprites/pokemon/412.png
413,Wormadam,Anticipation,bug,Bagworm Pokemon,60,69,95,69,95,36,413,45,0.5,6.5,4,0,0,1000000,https://raw.githubusercontent.com/PokeAPI/sprites/master/sprites/pokemon/413.png
414,Mothim,Swarm,bug,Moth Pokemon,70,94,50,94,50,66,414,45,0.9,23.3,4,0,100,1000000,https://raw.githubusercontent.com/PokeAPI/sprites/master/sprites/pokemon/414.png
415,Combee,Honey Gather,bug,Tiny Bee Pokemon,30,30,42,30,42,70,415,120,0.3,5.5,4,0,88.1,1059860,https://raw.githubusercontent.com/PokeAPI/sprites/master/sprites/pokemon/415.png
416,Vespiquen,Pressure,bug,Beehive Pokemon,70,80,102,80,102,40,416,45,1.2,38.5,4,0,0,1059860,https://raw.githubusercontent.com/PokeAPI/sprites/master/sprites/pokemon/416.png
417,Pachirisu,Run Away,electric,EleSquirrel Pokemon,60,45,70,45,90,95,417,200,0.4,3.9,4,0,50,1000000,https://raw.githubusercontent.com/PokeAPI/sprites/master/sprites/pokemon/417.png
418,Buizel,Swift Swim,water,Sea Weasel Pokemon,55,65,35,60,30,85,418,190,0.7,29.5,4,0,50,1000000,https://raw.githubusercontent.com/PokeAPI/sprites/master/sprites/pokemon/418.png
419,Floatzel,Swift Swim,water,Sea Weasel Pokemon,85,105,55,85,50,115,419,75,1.1,33.5,4,0,50,1000000,https://raw.githubusercontent.com/PokeAPI/sprites/master/sprites/pokemon/419.png
420,Cherubi,Chlorophyll,grass,Cherry Pokemon,45,35,45,62,53,35,420,190,0.4,3.3,4,0,50,1000000,https://raw.githubusercontent.com/PokeAPI/sprites/master/sprites/pokemon/420.png
421,Cherrim,Flower Gift,grass,Blossom Pokemon,70,60,70,87,78,85,421,75,0.5,9.3,4,0,50,1000000,https://raw.githubusercontent.com/PokeAPI/sprites/master/sprites/pokemon/421.png
422,Shellos,Sticky Hold,water,Sea Slug Pokemon,76,48,48,57,62,34,422,190,0.3,6.3,4,0,50,1000000,https://raw.githubusercontent.com/PokeAPI/sprites/master/sprites/pokemon/422.png
423,Gastrodon,Sticky Hold,water,Sea Slug Pokemon,111,83,68,92,82,39,423,75,0.9,29.9,4,0,50,1000000,https://raw.githubusercontent.com/PokeAPI/sprites/master/sprites/pokemon/423.png
424,Ambipom,Technician,normal,Long Tail Pokemon,75,100,66,60,66,115,424,45,1.2,20.3,4,0,50,800000,https://raw.githubusercontent.com/PokeAPI/sprites/master/sprites/pokemon/424.png
425,Drifloon,Aftermath,ghost,Balloon Pokemon,90,50,34,60,44,70,425,125,0.4,1.2,4,0,50,1640000,https://raw.githubusercontent.com/PokeAPI/sprites/master/sprites/pokemon/425.png
426,Drifblim,Aftermath,ghost,Blimp Pokemon,150,80,44,90,54,80,426,60,1.2,15,4,0,50,1640000,https://raw.githubusercontent.com/PokeAPI/sprites/master/sprites/pokemon/426.png
427,Buneary,Run Away,normal,Rabbit Pokemon,55,66,44,44,56,85,427,190,0.4,5.5,4,0,50,1000000,https://raw.githubusercontent.com/PokeAPI/sprites/master/sprites/pokemon/427.png
428,Lopunny,Cute Charm,normal,Rabbit Pokemon,65,136,94,54,96,135,428,60,1.2,33.3,4,0,50,1000000,https://raw.githubusercontent.com/PokeAPI/sprites/master/sprites/pokemon/428.png
429,Mismagius,Levitate,ghost,Magical Pokemon,60,60,60,105,105,105,429,45,0.9,4.4,4,0,50,800000,https://raw.githubusercontent.com/PokeAPI/sprites/master/sprites/pokemon/429.png
430,Honchkrow,Insomnia,dark,Big Boss Pokemon,100,125,52,105,52,71,430,30,0.9,27.3,4,0,50,1059860,https://raw.githubusercontent.com/PokeAPI/sprites/master/sprites/pokemon/430.png
431,Glameow,Limber,normal,Catty Pokemon,49,55,42,42,37,85,431,190,0.5,3.9,4,0,24.6,800000,https://raw.githubusercontent.com/PokeAPI/sprites/master/sprites/pokemon/431.png
432,Purugly,Thick Fat,normal,Tiger Cat Pokemon,71,82,64,64,59,112,432,75,1,43.8,4,0,24.6,800000,https://raw.githubusercontent.com/PokeAPI/sprites/master/sprites/pokemon/432.png
433,Chingling,Levitate,psychic,Bell Pokemon,45,30,50,65,50,45,433,120,0.2,0.6,4,0,50,800000,https://raw.githubusercontent.com/PokeAPI/sprites/master/sprites/pokemon/433.png
434,Stunky,Stench,poison,Skunk Pokemon,63,63,47,41,41,74,434,225,0.4,19.2,4,0,50,1000000,https://raw.githubusercontent.com/PokeAPI/sprites/master/sprites/pokemon/434.png
435,Skuntank,Stench,poison,Skunk Pokemon,103,93,67,71,61,84,435,60,1,38,4,0,50,1000000,https://raw.githubusercontent.com/PokeAPI/sprites/master/sprites/pokemon/435.png
436,Bronzor,Levitate,steel,Bronze Pokemon,57,24,86,24,86,23,436,255,0.5,60.5,4,0,,1000000,https://raw.githubusercontent.com/PokeAPI/sprites/master/sprites/pokemon/436.png
437,Bronzong,Levitate,steel,Bronze Bell Pokemon,67,89,116,79,116,33,437,90,1.3,187,4,0,,1000000,https://raw.githubusercontent.com/PokeAPI/sprites/master/sprites/pokemon/437.png
438,Bonsly,Sturdy,rock,Bonsai Pokemon,50,80,95,10,45,10,438,255,0.5,15,4,0,50,1000000,https://raw.githubusercontent.com/PokeAPI/sprites/master/sprites/pokemon/438.png
439,Mime Jr.,Soundproof,psychic,Mime Pokemon,20,25,45,70,90,60,439,145,0.6,13,4,0,50,1000000,https://raw.githubusercontent.com/PokeAPI/sprites/master/sprites/pokemon/439.png
440,Happiny,Natural Cure,normal,Playhouse Pokemon,100,5,5,15,65,30,440,130,0.6,24.4,4,0,0,800000,https://raw.githubusercontent.com/PokeAPI/sprites/master/sprites/pokemon/440.png
441,Chatot,Keen Eye,normal,Music Note Pokemon,76,65,45,92,42,91,441,30,0.5,1.9,4,0,50,1059860,https://raw.githubusercontent.com/PokeAPI/sprites/master/sprites/pokemon/441.png
442,Spiritomb,Pressure,ghost,Forbidden Pokemon,50,92,108,92,108,35,442,100,1,108,4,0,50,1000000,https://raw.githubusercontent.com/PokeAPI/sprites/master/sprites/pokemon/442.png
443,Gible,Sand Veil,dragon,Land Shark Pokemon,58,70,45,40,45,42,443,45,0.7,20.5,4,0,50,1250000,https://raw.githubusercontent.com/PokeAPI/sprites/master/sprites/pokemon/443.png
444,Gabite,Sand Veil,dragon,Cave Pokemon,68,90,65,50,55,82,444,45,1.4,56,4,0,50,1250000,https://raw.githubusercontent.com/PokeAPI/sprites/master/sprites/pokemon/444.png
445,Garchomp,Sand Veil,dragon,Mach Pokemon,108,170,115,120,95,92,445,45,1.9,95,4,0,50,1250000,https://raw.githubusercontent.com/PokeAPI/sprites/master/sprites/pokemon/445.png
446,Munchlax,Pickup,normal,Big Eater Pokemon,135,85,40,40,85,5,446,50,0.6,105,4,0,88.1,1250000,https://raw.githubusercontent.com/PokeAPI/sprites/master/sprites/pokemon/446.png
447,Riolu,Steadfast,fighting,Emanation Pokemon,40,70,40,35,40,60,447,75,0.7,20.2,4,0,88.1,1059860,https://raw.githubusercontent.com/PokeAPI/sprites/master/sprites/pokemon/447.png
448,Lucario,Steadfast,fighting,Aura Pokemon,70,145,88,140,70,112,448,45,1.2,54,4,0,88.1,1059860,https://raw.githubusercontent.com/PokeAPI/sprites/master/sprites/pokemon/448.png
449,Hippopotas,Sand Stream,ground,Hippo Pokemon,68,72,78,38,42,32,449,140,0.8,49.5,4,0,50,1250000,https://raw.githubusercontent.com/PokeAPI/sprites/master/sprites/pokemon/449.png
450,Hippowdon,Sand Stream,ground,Heavyweight Pokemon,108,112,118,68,72,47,450,60,2,300,4,0,50,1250000,https://raw.githubusercontent.com/PokeAPI/sprites/master/sprites/pokemon/450.png
451,Skorupi,Battle Armor,poison,Scorpion Pokemon,40,50,90,30,55,65,451,120,0.8,12,4,0,50,1250000,https://raw.githubusercontent.com/PokeAPI/sprites/master/sprites/pokemon/451.png
452,Drapion,Battle Armor,poison,Ogre Scorp Pokemon,70,90,110,60,75,95,452,45,1.3,61.5,4,0,50,1250000,https://raw.githubusercontent.com/PokeAPI/sprites/master/sprites/pokemon/452.png
453,Croagunk,Anticipation,poison,Toxic Mouth Pokemon,48,61,40,61,40,50,453,140,0.7,23,4,0,50,1000000,https://raw.githubusercontent.com/PokeAPI/sprites/master/sprites/pokemon/453.png
454,Toxicroak,Anticipation,poison,Toxic Mouth Pokemon,83,106,65,86,65,85,454,75,1.3,44.4,4,0,50,1000000,https://raw.githubusercontent.com/PokeAPI/sprites/master/sprites/pokemon/454.png
455,Carnivine,Levitate,grass,Bug Catcher Pokemon,74,100,72,90,72,46,455,200,1.4,27,4,0,50,1250000,https://raw.githubusercontent.com/PokeAPI/sprites/master/sprites/pokemon/455.png
456,Finneon,Swift Swim,water,Wing Fish Pokemon,49,49,56,49,61,66,456,190,0.4,7,4,0,50,600000,https://raw.githubusercontent.com/PokeAPI/sprites/master/sprites/pokemon/456.png
457,Lumineon,Swift Swim,water,Neon Pokemon,69,69,76,69,86,91,457,75,1.2,24,4,0,50,600000,https://raw.githubusercontent.com/PokeAPI/sprites/master/sprites/pokemon/457.png
458,Mantyke,Swift Swim,water,Kite Pokemon,45,20,50,60,120,50,458,25,1,65,4,0,50,1250000,https://raw.githubusercontent.com/PokeAPI/sprites/master/sprites/pokemon/458.png
459,Snover,Snow Warning,grass,Frosted Tree Pokemon,60,62,50,62,60,40,459,120,1,50.5,4,0,50,1250000,https://raw.githubusercontent.com/PokeAPI/sprites/master/sprites/pokemon/459.png
460,Abomasnow,Snow Warning,grass,Frosted Tree Pokemon,90,132,105,132,105,30,460,60,2.2,135.5,4,0,50,1250000,https://raw.githubusercontent.com/PokeAPI/sprites/master/sprites/pokemon/460.png
461,Weavile,Pressure,dark,Sharp Claw Pokemon,70,120,65,45,85,125,461,45,1.1,34,4,0,50,1059860,https://raw.githubusercontent.com/PokeAPI/sprites/master/sprites/pokemon/461.png
462,Magnezone,Magnet Pull,electric,Magnet Area Pokemon,70,70,115,130,90,60,462,30,1.2,180,4,0,,1000000,https://raw.githubusercontent.com/PokeAPI/sprites/master/sprites/pokemon/462.png
463,Lickilicky,Own Tempo,normal,Licking Pokemon,110,85,95,80,95,50,463,30,1.7,140,4,0,50,1000000,https://raw.githubusercontent.com/PokeAPI/sprites/master/sprites/pokemon/463.png
464,Rhyperior,Lightningrod,ground,Drill Pokemon,115,140,130,55,55,40,464,30,2.4,282.8,4,0,50,1250000,https://raw.githubusercontent.com/PokeAPI/sprites/master/sprites/pokemon/464.png
465,Tangrowth,Chlorophyll,grass,Vine Pokemon,100,100,125,110,50,50,465,30,2,128.6,4,0,50,1000000,https://raw.githubusercontent.com/PokeAPI/sprites/master/sprites/pokemon/465.png
466,Electivire,Motor Drive,electric,Thunderbolt Pokemon,75,123,67,95,85,95,466,30,1.8,138.6,4,0,75.4,1000000,https://raw.githubusercontent.com/PokeAPI/sprites/master/sprites/pokemon/466.png
467,Magmortar,Flame Body,fire,Blast Pokemon,75,95,67,125,95,83,467,30,1.6,68,4,0,75.4,1000000,https://raw.githubusercontent.com/PokeAPI/sprites/master/sprites/pokemon/467.png
468,Togekiss,Hustle,fairy,Jubilee Pokemon,85,50,95,120,115,80,468,30,1.5,38,4,0,88.1,800000,https://raw.githubusercontent.com/PokeAPI/sprites/master/sprites/pokemon/468.png
469,Yanmega,Speed Boost,bug,Ogre Darner Pokemon,86,76,86,116,56,95,469,30,1.9,51.5,4,0,50,1000000,https://raw.githubusercontent.com/PokeAPI/sprites/master/sprites/pokemon/469.png
470,Leafeon,Leaf Guard,grass,Verdant Pokemon,65,110,130,60,65,95,470,45,1,25.5,4,0,88.1,1000000,https://raw.githubusercontent.com/PokeAPI/sprites/master/sprites/pokemon/470.png
471,Glaceon,Snow Cloak,ice,Fresh Snow Pokemon,65,60,110,130,95,65,471,45,0.8,25.9,4,0,88.1,1000000,https://raw.githubusercontent.com/PokeAPI/sprites/master/sprites/pokemon/471.png
472,Gliscor,Hyper Cutter,ground,Fang Scorp Pokemon,75,95,125,45,75,95,472,30,2,42.5,4,0,50,1059860,https://raw.githubusercontent.com/PokeAPI/sprites/master/sprites/pokemon/472.png
473,Mamoswine,Oblivious,ice,Twin Tusk Pokemon,110,130,80,70,60,80,473,50,2.5,291,4,0,50,1250000,https://raw.githubusercontent.com/PokeAPI/sprites/master/sprites/pokemon/473.png
474,Porygon-Z,Adaptability,normal,Virtual Pokemon,85,80,70,135,75,90,474,30,0.9,34,4,0,,1000000,https://raw.githubusercontent.com/PokeAPI/sprites/master/sprites/pokemon/474.png
475,Gallade,Steadfast,psychic,Blade Pokemon,68,165,95,65,115,110,475,45,1.6,52,4,0,100,1250000,https://raw.githubusercontent.com/PokeAPI/sprites/master/sprites/pokemon/475.png
476,Probopass,Sturdy,rock,Compass Pokemon,60,55,145,75,150,40,476,60,1.4,340,4,0,50,1000000,https://raw.githubusercontent.com/PokeAPI/sprites/master/sprites/pokemon/476.png
477,Dusknoir,Pressure,ghost,Gripper Pokemon,45,100,135,65,135,45,477,45,2.2,106.6,4,0,50,800000,https://raw.githubusercontent.com/PokeAPI/sprites/master/sprites/pokemon/477.png
478,Froslass,Snow Cloak,ice,Snow Land Pokemon,70,80,70,80,70,110,478,75,1.3,26.6,4,0,0,1000000,https://raw.githubusercontent.com/PokeAPI/sprites/master/sprites/pokemon/478.png
479,Rotom,Levitate,electric,Plasma Pokemon,50,65,107,105,107,86,479,45,0.3,0.3,4,0,,1000000,https://raw.githubusercontent.com/PokeAPI/sprites/master/sprites/pokemon/479.png
480,Uxie,Levitate,psychic,Knowledge Pokemon,75,75,130,75,130,95,480,3,0.3,0.3,4,1,,1250000,https://raw.githubusercontent.com/PokeAPI/sprites/master/sprites/pokemon/480.png
481,Mesprit,Levitate,psychic,Emotion Pokemon,80,105,105,105,105,80,481,3,0.3,0.3,4,1,,1250000,https://raw.githubusercontent.com/PokeAPI/sprites/master/sprites/pokemon/481.png
482,Azelf,Levitate,psychic,Willpower Pokemon,75,125,70,125,70,115,482,3,0.3,0.3,4,1,,1250000,https://raw.githubusercontent.com/PokeAPI/sprites/master/sprites/pokemon/482.png
483,Dialga,Pressure,steel,Temporal Pokemon,100,120,120,150,100,90,483,3,5.4,683,4,1,,1250000,https://raw.githubusercontent.com/PokeAPI/sprites/master/sprites/pokemon/483.png
484,Palkia,Pressure,water,Spatial Pokemon,90,120,100,150,120,100,484,3,4.2,336,4,1,,1250000,https://raw.githubusercontent.com/PokeAPI/sprites/master/sprites/pokemon/484.png
485,Heatran,Flash Fire,fire,Lava Dome Pokemon,91,90,106,130,106,77,485,3,1.7,430,4,1,50,1250000,https://raw.githubusercontent.com/PokeAPI/sprites/master/sprites/pokemon/485.png
486,Regigigas,Slow Start,normal,Colossal Pokemon,110,160,110,80,110,100,486,3,3.7,420,4,1,,1250000,https://raw.githubusercontent.com/PokeAPI/sprites/master/sprites/pokemon/486.png
487,Giratina,Pressure,ghost,Renegade Pokemon,150,120,100,120,100,90,487,3,4.5,750,4,1,,1250000,https://raw.githubusercontent.com/PokeAPI/sprites/master/sprites/pokemon/487.png
488,Cresselia,Levitate,psychic,Lunar Pokemon,120,70,120,75,130,85,488,3,1.5,85.6,4,1,0,1250000,https://raw.githubusercontent.com/PokeAPI/sprites/master/sprites/pokemon/488.png
489,Phione,Hydration,water,Sea Drifter Pokemon,80,80,80,80,80,80,489,30,0.4,3.1,4,0,,1250000,https://raw.githubusercontent.com/PokeAPI/sprites/master/sprites/pokemon/489.png
490,Manaphy,Hydration,water,Seafaring Pokemon,100,100,100,100,100,100,490,3,0.3,1.4,4,1,,1250000,https://raw.githubusercontent.com/PokeAPI/sprites/master/sprites/pokemon/490.png
491,Darkrai,Bad Dreams,dark,Pitch-Black Pokemon,70,90,90,135,90,125,491,3,1.5,50.5,4,1,,1250000,https://raw.githubusercontent.com/PokeAPI/sprites/master/sprites/pokemon/491.png
492,Shaymin,Natural Cure,grass,Gratitude Pokemon,100,103,75,120,75,127,492,45,0.2,2.1,4,1,,1059860,https://raw.githubusercontent.com/PokeAPI/sprites/master/sprites/pokemon/492.png
493,Arceus,Multitype,normal,Alpha Pokemon,120,120,120,120,120,120,493,3,3.2,320,4,1,,1250000,https://raw.githubusercontent.com/PokeAPI/sprites/master/sprites/pokemon/493.png
494,Victini,Victory Star,psychic,Victory Pokemon,100,100,100,100,100,100,494,3,0.4,4,5,1,,1250000,https://raw.githubusercontent.com/PokeAPI/sprites/master/sprites/pokemon/494.png
495,Snivy,Overgrow,grass,Grass Snake Pokemon,45,45,55,45,55,63,495,45,0.6,8.1,5,0,88.1,1059860,https://raw.githubusercontent.com/PokeAPI/sprites/master/sprites/pokemon/495.png
496,Servine,Overgrow,grass,Grass Snake Pokemon,60,60,75,60,75,83,496,45,0.8,16,5,0,88.1,1059860,https://raw.githubusercontent.com/PokeAPI/sprites/master/sprites/pokemon/496.png
497,Serperior,Overgrow,grass,Regal Pokemon,75,75,95,75,95,113,497,45,3.3,63,5,0,88.1,1059860,https://raw.githubusercontent.com/PokeAPI/sprites/master/sprites/pokemon/497.png
498,Tepig,Blaze,fire,Fire Pig Pokemon,65,63,45,45,45,45,498,45,0.5,9.9,5,0,88.1,1059860,https://raw.githubusercontent.com/PokeAPI/sprites/master/sprites/pokemon/498.png
499,Pignite,Blaze,fire,Fire Pig Pokemon,90,93,55,70,55,55,499,45,1,55.5,5,0,88.1,1059860,https://raw.githubusercontent.com/PokeAPI/sprites/master/sprites/pokemon/499.png
500,Emboar,Blaze,fire,Mega Fire Pig Pokemon,110,123,65,100,65,65,500,45,1.6,150,5,0,88.1,1059860,https://raw.githubusercontent.com/PokeAPI/sprites/master/sprites/pokemon/500.png
501,Oshawott,Torrent,water,Sea Otter Pokemon,55,55,45,63,45,45,501,45,0.5,5.9,5,0,88.1,1059860,https://raw.githubusercontent.com/PokeAPI/sprites/master/sprites/pokemon/501.png
502,Dewott,Torrent,water,Discipline Pokemon,75,75,60,83,60,60,502,45,0.8,24.5,5,0,88.1,1059860,https://raw.githubusercontent.com/PokeAPI/sprites/master/sprites/pokemon/502.png
503,Samurott,Torrent,water,Formidable Pokemon,95,100,85,108,70,70,503,45,1.5,94.6,5,0,88.1,1059860,https://raw.githubusercontent.com/PokeAPI/sprites/master/sprites/pokemon/503.png
504,Patrat,Run Away,normal,Scout Pokemon,45,55,39,35,39,42,504,255,0.5,11.6,5,0,50,1000000,https://raw.githubusercontent.com/PokeAPI/sprites/master/sprites/pokemon/504.png
505,Watchog,Illuminate,normal,Lookout Pokemon,60,85,69,60,69,77,505,255,1.1,27,5,0,50,1000000,https://raw.githubusercontent.com/PokeAPI/sprites/master/sprites/pokemon/505.png
506,Lillipup,Vital Spirit,normal,Puppy Pokemon,45,60,45,25,45,55,506,255,0.4,4.1,5,0,50,1059860,https://raw.githubusercontent.com/PokeAPI/sprites/master/sprites/pokemon/506.png
507,Herdier,Intimidate,normal,Loyal Dog Pokemon,65,80,65,35,65,60,507,120,0.9,14.7,5,0,50,1059860,https://raw.githubusercontent.com/PokeAPI/sprites/master/sprites/pokemon/507.png
508,Stoutland,Intimidate,normal,Big-Hearted Pokemon,85,110,90,45,90,80,508,45,1.2,61,5,0,50,1059860,https://raw.githubusercontent.com/PokeAPI/sprites/master/sprites/pokemon/508.png
509,Purrloin,Limber,dark,Devious Pokemon,41,50,37,50,37,66,509,255,0.4,10.1,5,0,50,1000000,https://raw.githubusercontent.com/PokeAPI/sprites/master/sprites/pokemon/509.png
510,Liepard,Limber,dark,Cruel Pokemon,64,88,50,88,50,106,510,90,1.1,37.5,5,0,50,1000000,https://raw.githubusercontent.com/PokeAPI/sprites/master/sprites/pokemon/510.png
511,Pansage,Gluttony,grass,Grass Monkey Pokemon,50,53,48,53,48,64,511,190,0.6,10.5,5,0,88.1,1000000,https://raw.githubusercontent.com/PokeAPI/sprites/master/sprites/pokemon/511.png
512,Simisage,Gluttony,grass,Thorn Monkey Pokemon,75,98,63,98,63,101,512,75,1.1,30.5,5,0,88.1,1000000,https://raw.githubusercontent.com/PokeAPI/sprites/master/sprites/pokemon/512.png
513,Pansear,Gluttony,fire,High Temp Pokemon,50,53,48,53,48,64,513,190,0.6,11,5,0,88.1,1000000,https://raw.githubusercontent.com/PokeAPI/sprites/master/sprites/pokemon/513.png
514,Simisear,Gluttony,fire,Ember Pokemon,75,98,63,98,63,101,514,75,1,28,5,0,88.1,1000000,https://raw.githubusercontent.com/PokeAPI/sprites/master/sprites/pokemon/514.png
515,Panpour,Gluttony,water,Spray Pokemon,50,53,48,53,48,64,515,190,0.6,13.5,5,0,88.1,1000000,https://raw.githubusercontent.com/PokeAPI/sprites/master/sprites/pokemon/515.png
516,Simipour,Gluttony,water,Geyser Pokemon,75,98,63,98,63,101,516,75,1,29,5,0,88.1,1000000,https://raw.githubusercontent.com/PokeAPI/sprites/master/sprites/pokemon/516.png
517,Munna,Forewarn,psychic,Dream Eater Pokemon,76,25,45,67,55,24,517,190,0.6,23.3,5,0,50,800000,https://raw.githubusercontent.com/PokeAPI/sprites/master/sprites/pokemon/517.png
518,Musharna,Forewarn,psychic,Drowsing Pokemon,116,55,85,107,95,29,518,75,1.1,60.5,5,0,50,800000,https://raw.githubusercontent.com/PokeAPI/sprites/master/sprites/pokemon/518.png
519,Pidove,Big Pecks,normal,Tiny Pigeon Pokemon,50,55,50,36,30,43,519,255,0.3,2.1,5,0,50,1059860,https://raw.githubusercontent.com/PokeAPI/sprites/master/sprites/pokemon/519.png
520,Tranquill,Big Pecks,normal,Wild Pigeon Pokemon,62,77,62,50,42,65,520,120,0.6,15,5,0,50,1059860,https://raw.githubusercontent.com/PokeAPI/sprites/master/sprites/pokemon/520.png
521,Unfezant,Big Pecks,normal,Proud Pokemon,80,115,80,65,55,93,521,45,1.2,29,5,0,50,1059860,https://raw.githubusercontent.com/PokeAPI/sprites/master/sprites/pokemon/521.png
522,Blitzle,Lightningrod,electric,Electrified Pokemon,45,60,32,50,32,76,522,190,0.8,29.8,5,0,50,1000000,https://raw.githubusercontent.com/PokeAPI/sprites/master/sprites/pokemon/522.png
523,Zebstrika,Lightningrod,electric,Thunderbolt Pokemon,75,100,63,80,63,116,523,75,1.6,79.5,5,0,50,1000000,https://raw.githubusercontent.com/PokeAPI/sprites/master/sprites/pokemon/523.png
524,Roggenrola,Sturdy,rock,Mantle Pokemon,55,75,85,25,25,15,524,255,0.4,18,5,0,50,1059860,https://raw.githubusercontent.com/PokeAPI/sprites/master/sprites/pokemon/524.png
525,Boldore,Sturdy,rock,Ore Pokemon,70,105,105,50,40,20,525,120,0.9,102,5,0,50,1059860,https://raw.githubusercontent.com/PokeAPI/sprites/master/sprites/pokemon/525.png
526,Gigalith,Sturdy,rock,Compressed Pokemon,85,135,130,60,80,25,526,45,1.7,260,5,0,50,1059860,https://raw.githubusercontent.com/PokeAPI/sprites/master/sprites/pokemon/526.png
527,Woobat,Unaware,psychic,Bat Pokemon,65,45,43,55,43,72,527,190,0.4,2.1,5,0,50,1000000,https://raw.githubusercontent.com/PokeAPI/sprites/master/sprites/pokemon/527.png
528,Swoobat,Unaware,psychic,Courting Pokemon,67,57,55,77,55,114,528,45,0.9,10.5,5,0,50,1000000,https://raw.githubusercontent.com/PokeAPI/sprites/master/sprites/pokemon/528.png
529,Drilbur,Sand Rush,ground,Mole Pokemon,60,85,40,30,45,68,529,120,0.3,8.5,5,0,50,1000000,https://raw.githubusercontent.com/PokeAPI/sprites/master/sprites/pokemon/529.png
530,Excadrill,Sand Rush,ground,Subterrene Pokemon,110,135,60,50,65,88,530,60,0.7,40.4,5,0,50,1000000,https://raw.githubusercontent.com/PokeAPI/sprites/master/sprites/pokemon/530.png
531,Audino,Healer,normal,Hearing Pokemon,103,60,126,80,126,50,531,255,1.1,31,5,0,50,800000,https://raw.githubusercontent.com/PokeAPI/sprites/master/sprites/pokemon/531.png
532,Timburr,Guts,fighting,Muscular Pokemon,75,80,55,25,35,35,532,180,0.6,12.5,5,0,75.4,1059860,https://raw.githubusercontent.com/PokeAPI/sprites/master/sprites/pokemon/532.png
533,Gurdurr,Guts,fighting,Muscular Pokemon,85,105,85,40,50,40,533,90,1.2,40,5,0,75.4,1059860,https://raw.githubusercontent.com/PokeAPI/sprites/master/sprites/pokemon/533.png
534,Conkeldurr,Guts,fighting,Muscular Pokemon,105,140,95,55,65,45,534,45,1.4,87,5,0,75.4,1059860,https://raw.githubusercontent.com/PokeAPI/sprites/master/sprites/pokemon/534.png
535,Tympole,Swift Swim,water,Tadpole Pokemon,50,50,40,50,40,64,535,255,0.5,4.5,5,0,50,1059860,https://raw.githubusercontent.com/PokeAPI/sprites/master/sprites/pokemon/535.png
536,Palpitoad,Swift Swim,water,Vibration Pokemon,75,65,55,65,55,69,536,120,0.8,17,5,0,50,1059860,https://raw.githubusercontent.com/PokeAPI/sprites/master/sprites/pokemon/536.png
537,Seismitoad,Swift Swim,water,Vibration Pokemon,105,95,75,85,75,74,537,45,1.5,62,5,0,50,1059860,https://raw.githubusercontent.com/PokeAPI/sprites/master/sprites/pokemon/537.png
538,Throh,Guts,fighting,Judo Pokemon,120,100,85,30,85,45,538,45,1.3,55.5,5,0,100,1000000,https://raw.githubusercontent.com/PokeAPI/sprites/master/sprites/pokemon/538.png
539,Sawk,Sturdy,fighting,Karate Pokemon,75,125,75,30,75,85,539,45,1.4,51,5,0,100,1000000,https://raw.githubusercontent.com/PokeAPI/sprites/master/sprites/pokemon/539.png
540,Sewaddle,Swarm,bug,Sewing Pokemon,45,53,70,40,60,42,540,255,0.3,2.5,5,0,50,1059860,https://raw.githubusercontent.com/PokeAPI/sprites/master/sprites/pokemon/540.png
541,Swadloon,Leaf Guard,bug,Leaf-Wrapped Pokemon,55,63,90,50,80,42,541,120,0.5,7.3,5,0,50,1059860,https://raw.githubusercontent.com/PokeAPI/sprites/master/sprites/pokemon/541.png
542,Leavanny,Swarm,bug,Nurturing Pokemon,75,103,80,70,80,92,542,45,1.2,20.5,5,0,50,1059860,https://raw.githubusercontent.com/PokeAPI/sprites/master/sprites/pokemon/542.png
543,Venipede,Poison Point,bug,Centipede Pokemon,30,45,59,30,39,57,543,255,0.4,5.3,5,0,50,1059860,https://raw.githubusercontent.com/PokeAPI/sprites/master/sprites/pokemon/543.png
544,Whirlipede,Poison Point,bug,Curlipede Pokemon,40,55,99,40,79,47,544,120,1.2,58.5,5,0,50,1059860,https://raw.githubusercontent.com/PokeAPI/sprites/master/sprites/pokemon/544.png
545,Scolipede,Poison Point,bug,Megapede Pokemon,60,100,89,55,69,112,545,45,2.5,200.5,5,0,50,1059860,https://raw.githubusercontent.com/PokeAPI/sprites/master/sprites/pokemon/545.png
546,Cottonee,Prankster,grass,Cotton Puff Pokemon,40,27,60,37,50,66,546,190,0.3,0.6,5,0,50,1000000,https://raw.githubusercontent.com/PokeAPI/sprites/master/sprites/pokemon/546.png
547,Whimsicott,Prankster,grass,Windveiled Pokemon,60,67,85,77,75,116,547,75,0.7,6.6,5,0,50,1000000,https://raw.githubusercontent.com/PokeAPI/sprites/master/sprites/pokemon/547.png
548,Petilil,Chlorophyll,grass,Bulb Pokemon,45,35,50,70,50,30,548,190,0.5,6.6,5,0,0,1000000,https://raw.githubusercontent.com/PokeAPI/sprites/master/sprites/pokemon/548.png
549,Lilligant,Chlorophyll,grass,Flowering Pokemon,70,60,75,110,75,90,549,75,1.1,16.3,5,0,0,1000000,https://raw.githubusercontent.com/PokeAPI/sprites/master/sprites/pokemon/549.png
550,Basculin,Reckless,water,Hostile Pokemon,70,92,65,80,55,98,550,25,1,18,5,0,50,1000000,https://raw.githubusercontent.com/PokeAPI/sprites/master/sprites/pokemon/550.png
551,Sandile,Intimidate,ground,Desert Croc Pokemon,50,72,35,35,35,65,551,180,0.7,15.2,5,0,50,1059860,https://raw.githubusercontent.com/PokeAPI/sprites/master/sprites/pokemon/551.png
552,Krokorok,Intimidate,ground,Desert Croc Pokemon,60,82,45,45,45,74,552,90,1,33.4,5,0,50,1059860,https://raw.githubusercontent.com/PokeAPI/sprites/master/sprites/pokemon/552.png
553,Krookodile,Intimidate,ground,Intimidation Pokemon,95,117,80,65,70,92,553,45,1.5,96.3,5,0,50,1059860,https://raw.githubusercontent.com/PokeAPI/sprites/master/sprites/pokemon/553.png
554,Darumaka,Hustle,fire,Zen Charm Pokemon,70,90,45,15,45,50,554,120,0.6,37.5,5,0,50,1059860,https://raw.githubusercontent.com/PokeAPI/sprites/master/sprites/pokemon/554.png
555,Darmanitan,Sheer Force,fire,Blazing Pokemon,105,30,105,140,105,55,555,60,1.3,92.9,5,0,50,1059860,https://raw.githubusercontent.com/PokeAPI/sprites/master/sprites/pokemon/555.png
556,Maractus,Water Absorb,grass,Cactus Pokemon,75,86,67,106,67,60,556,255,1,28,5,0,50,1000000,https://raw.githubusercontent.com/PokeAPI/sprites/master/sprites/pokemon/556.png
557,Dwebble,Sturdy,bug,Rock Inn Pokemon,50,65,85,35,35,55,557,190,0.3,14.5,5,0,50,1000000,https://raw.githubusercontent.com/PokeAPI/sprites/master/sprites/pokemon/557.png
558,Crustle,Sturdy,bug,Stone Home Pokemon,70,105,125,65,75,45,558,75,1.4,200,5,0,50,1000000,https://raw.githubusercontent.com/PokeAPI/sprites/master/sprites/pokemon/558.png
559,Scraggy,Shed Skin,dark,Shedding Pokemon,50,75,70,35,70,48,559,180,0.6,11.8,5,0,50,1000000,https://raw.githubusercontent.com/PokeAPI/sprites/master/sprites/pokemon/559.png
560,Scrafty,Shed Skin,dark,Hoodlum Pokemon,65,90,115,45,115,58,560,90,1.1,30,5,0,50,1000000,https://raw.githubusercontent.com/PokeAPI/sprites/master/sprites/pokemon/560.png
561,Sigilyph,Wonder Skin ,psychic,Avianoid Pokemon,72,58,80,103,80,97,561,45,1.4,14,5,0,50,1000000,https://raw.githubusercontent.com/PokeAPI/sprites/master/sprites/pokemon/561.png
562,Yamask,Mummy,ghost,Spirit Pokemon,38,30,85,55,65,30,562,190,0.5,1.5,5,0,50,1000000,https://raw.githubusercontent.com/PokeAPI/sprites/master/sprites/pokemon/562.png
563,Cofagrigus,Mummy,ghost,Coffin Pokemon,58,50,145,95,105,30,563,90,1.7,76.5,5,0,50,1000000,https://raw.githubusercontent.com/PokeAPI/sprites/master/sprites/pokemon/563.png
564,Tirtouga,Solid Rock,water,Prototurtle Pokemon,54,78,103,53,45,22,564,45,0.7,16.5,5,0,88.1,1000000,https://raw.githubusercontent.com/PokeAPI/sprites/master/sprites/pokemon/564.png
565,Carracosta,Solid Rock,water,Prototurtle Pokemon,74,108,133,83,65,32,565,45,1.2,81,5,0,88.1,1000000,https://raw.githubusercontent.com/PokeAPI/sprites/master/sprites/pokemon/565.png
566,Archen,Defeatist,rock,First Bird Pokemon,55,112,45,74,45,70,566,45,0.5,9.5,5,0,88.1,1000000,https://raw.githubusercontent.com/PokeAPI/sprites/master/sprites/pokemon/566.png
567,Archeops,Defeatist,rock,First Bird Pokemon,75,140,65,112,65,110,567,45,1.4,32,5,0,88.1,1000000,https://raw.githubusercontent.com/PokeAPI/sprites/master/sprites/pokemon/567.png
568,Trubbish,Stench,poison,Trash Bag Pokemon,50,50,62,40,62,65,568,190,0.6,31,5,0,50,1000000,https://raw.githubusercontent.com/PokeAPI/sprites/master/sprites/pokemon/568.png
569,Garbodor,Stench,poison,Trash Heap Pokemon,80,95,82,60,82,75,569,60,1.9,107.3,5,0,50,1000000,https://raw.githubusercontent.com/PokeAPI/sprites/master/sprites/pokemon/569.png
570,Zorua,Illusion,dark,Tricky Fox Pokemon,40,65,40,80,40,65,570,75,0.7,12.5,5,0,88.1,1059860,https://raw.githubusercontent.com/PokeAPI/sprites/master/sprites/pokemon/570.png
571,Zoroark,Illusion,dark,Illusion Fox Pokemon,60,105,60,120,60,105,571,45,1.6,81.1,5,0,88.1,1059860,https://raw.githubusercontent.com/PokeAPI/sprites/master/sprites/pokemon/571.png
572,Minccino,Cute Charm,normal,Chinchilla Pokemon,55,50,40,40,40,75,572,255,0.4,5.8,5,0,24.6,800000,https://raw.githubusercontent.com/PokeAPI/sprites/master/sprites/pokemon/572.png
573,Cinccino,Cute Charm,normal,Scarf Pokemon,75,95,60,65,60,115,573,60,0.5,7.5,5,0,24.6,800000,https://raw.githubusercontent.com/PokeAPI/sprites/master/sprites/pokemon/573.png
574,Gothita,Frisk,psychic,Fixation Pokemon,45,30,50,55,65,45,574,200,0.4,5.8,5,0,24.6,1059860,https://raw.githubusercontent.com/PokeAPI/sprites/master/sprites/pokemon/574.png
575,Gothorita,Frisk,psychic,Manipulate Pokemon,60,45,70,75,85,55,575,100,0.7,18,5,0,24.6,1059860,https://raw.githubusercontent.com/PokeAPI/sprites/master/sprites/pokemon/575.png
576,Gothitelle,Frisk,psychic,Astral Body Pokemon,70,55,95,95,110,65,576,50,1.5,44,5,0,24.6,1059860,https://raw.githubusercontent.com/PokeAPI/sprites/master/sprites/pokemon/576.png
577,Solosis,Overcoat,psychic,Cell Pokemon,45,30,40,105,50,20,577,200,0.3,1,5,0,50,1059860,https://raw.githubusercontent.com/PokeAPI/sprites/master/sprites/pokemon/577.png
578,Duosion,Overcoat,psychic,Mitosis Pokemon,65,40,50,125,60,30,578,100,0.6,8,5,0,50,1059860,https://raw.githubusercontent.com/PokeAPI/sprites/master/sprites/pokemon/578.png
579,Reuniclus,Overcoat,psychic,Multiplying Pokemon,110,65,75,125,85,30,579,50,1,20.1,5,0,50,1059860,https://raw.githubusercontent.com/PokeAPI/sprites/master/sprites/pokemon/579.png
580,Ducklett,Keen Eye,water,Water Bird Pokemon,62,44,50,44,50,55,580,190,0.5,5.5,5,0,50,1000000,https://raw.githubusercontent.com/PokeAPI/sprites/master/sprites/pokemon/580.png
581,Swanna,Keen Eye,water,White Bird Pokemon,75,87,63,87,63,98,581,45,1.3,24.2,5,0,50,1000000,https://raw.githubusercontent.com/PokeAPI/sprites/master/sprites/pokemon/581.png
582,Vanillite,Ice Body,ice,Fresh Snow Pokemon,36,50,50,65,60,44,582,255,0.4,5.7,5,0,50,1250000,https://raw.githubusercontent.com/PokeAPI/sprites/master/sprites/pokemon/582.png
583,Vanillish,Ice Body,ice,Icy Snow Pokemon,51,65,65,80,75,59,583,120,1.1,41,5,0,50,1250000,https://raw.githubusercontent.com/PokeAPI/sprites/master/sprites/pokemon/583.png
584,Vanilluxe,Ice Body,ice,Snowstorm Pokemon,71,95,85,110,95,79,584,45,1.3,57.5,5,0,50,1250000,https://raw.githubusercontent.com/PokeAPI/sprites/master/sprites/pokemon/584.png
585,Deerling,Chlorophyll,normal,Season Pokemon,60,60,50,40,50,75,585,190,0.6,19.5,5,0,50,1000000,https://raw.githubusercontent.com/PokeAPI/sprites/master/sprites/pokemon/585.png
586,Sawsbuck,Chlorophyll,normal,Season Pokemon,80,100,70,60,70,95,586,75,1.9,92.5,5,0,50,1000000,https://raw.githubusercontent.com/PokeAPI/sprites/master/sprites/pokemon/586.png
587,Emolga,Static,electric,Sky Squirrel Pokemon,55,75,60,75,60,103,587,200,0.4,5,5,0,50,1000000,https://raw.githubusercontent.com/PokeAPI/sprites/master/sprites/pokemon/587.png
588,Karrablast,Swarm,bug,Clamping Pokemon,50,75,45,40,45,60,588,200,0.5,5.9,5,0,50,1000000,https://raw.githubusercontent.com/PokeAPI/sprites/master/sprites/pokemon/588.png
589,Escavalier,Swarm,bug,Cavalry Pokemon,70,135,105,60,105,20,589,75,1,33,5,0,50,1000000,https://raw.githubusercontent.com/PokeAPI/sprites/master/sprites/pokemon/589.png
590,Foongus,Effect Spore,grass,Mushroom Pokemon,69,55,45,55,55,15,590,190,0.2,1,5,0,50,1000000,https://raw.githubusercontent.com/PokeAPI/sprites/master/sprites/pokemon/590.png
591,Amoonguss,Effect Spore,grass,Mushroom Pokemon,114,85,70,85,80,30,591,75,0.6,10.5,5,0,50,1000000,https://raw.githubusercontent.com/PokeAPI/sprites/master/sprites/pokemon/591.png
592,Frillish,Water Absorb,water,Floating Pokemon,55,40,50,65,85,40,592,190,1.2,33,5,0,50,1000000,https://raw.githubusercontent.com/PokeAPI/sprites/master/sprites/pokemon/592.png
593,Jellicent,Water Absorb,water,Floating Pokemon,100,60,70,85,105,60,593,60,2.2,135,5,0,50,1000000,https://raw.githubusercontent.com/PokeAPI/sprites/master/sprites/pokemon/593.png
594,Alomomola,Healer,water,Caring Pokemon,165,75,80,40,45,65,594,75,1.2,31.6,5,0,50,800000,https://raw.githubusercontent.com/PokeAPI/sprites/master/sprites/pokemon/594.png
595,Joltik,Compoundeyes,bug,Attaching Pokemon,50,47,50,57,50,65,595,190,0.1,0.6,5,0,50,1000000,https://raw.githubusercontent.com/PokeAPI/sprites/master/sprites/pokemon/595.png
596,Galvantula,Compoundeyes,bug,EleSpider Pokemon,70,77,60,97,60,108,596,75,0.8,14.3,5,0,50,1000000,https://raw.githubusercontent.com/PokeAPI/sprites/master/sprites/pokemon/596.png
597,Ferroseed,Iron Barbs,grass,Thorn Seed Pokemon,44,50,91,24,86,10,597,255,0.6,18.8,5,0,50,1000000,https://raw.githubusercontent.com/PokeAPI/sprites/master/sprites/pokemon/597.png
598,Ferrothorn,Iron Barbs,grass,Thorn Pod Pokemon,74,94,131,54,116,20,598,90,1,110,5,0,50,1000000,https://raw.githubusercontent.com/PokeAPI/sprites/master/sprites/pokemon/598.png
599,Klink,Plus,steel,Gear Pokemon,40,55,70,45,60,30,599,130,0.3,21,5,0,,1059860,https://raw.githubusercontent.com/PokeAPI/sprites/master/sprites/pokemon/599.png
600,Klang,Plus,steel,Gear Pokemon,60,80,95,70,85,50,600,60,0.6,51,5,0,,1059860,https://raw.githubusercontent.com/PokeAPI/sprites/master/sprites/pokemon/600.png
601,Klinklang,Plus,steel,Gear Pokemon,60,100,115,70,85,90,601,30,0.6,81,5,0,,1059860,https://raw.githubusercontent.com/PokeAPI/sprites/master/sprites/pokemon/601.png
602,Tynamo,Levitate,electric,EleFish Pokemon,35,55,40,45,40,60,602,190,0.2,0.3,5,0,50,1250000,https://raw.githubusercontent.com/PokeAPI/sprites/master/sprites/pokemon/602.png
603,Eelektrik,Levitate,electric,EleFish Pokemon,65,85,70,75,70,40,603,60,1.2,22,5,0,50,1250000,https://raw.githubusercontent.com/PokeAPI/sprites/master/sprites/pokemon/603.png
604,Eelektross,Levitate,electric,EleFish Pokemon,85,115,80,105,80,50,604,30,2.1,80.5,5,0,50,1250000,https://raw.githubusercontent.com/PokeAPI/sprites/master/sprites/pokemon/604.png
605,Elgyem,Telepathy,psychic,Cerebral Pokemon,55,55,55,85,55,30,605,255,0.5,9,5,0,50,1000000,https://raw.githubusercontent.com/PokeAPI/sprites/master/sprites/pokemon/605.png
606,Beheeyem,Telepathy,psychic,Cerebral Pokemon,75,75,75,125,95,40,606,90,1,34.5,5,0,50,1000000,https://raw.githubusercontent.com/PokeAPI/sprites/master/sprites/pokemon/606.png
607,Litwick,Flash Fire,ghost,Candle Pokemon,50,30,55,65,55,20,607,190,0.3,3.1,5,0,50,1059860,https://raw.githubusercontent.com/PokeAPI/sprites/master/sprites/pokemon/607.png
608,Lampent,Flash Fire,ghost,Lamp Pokemon,60,40,60,95,60,55,608,90,0.6,13,5,0,50,1059860,https://raw.githubusercontent.com/PokeAPI/sprites/master/sprites/pokemon/608.png
609,Chandelure,Flash Fire,ghost,Luring Pokemon,60,55,90,145,90,80,609,45,1,34.3,5,0,50,1059860,https://raw.githubusercontent.com/PokeAPI/sprites/master/sprites/pokemon/609.png
610,Axew,Rivalry,dragon,Tusk Pokemon,46,87,60,30,40,57,610,75,0.6,18,5,0,50,1250000,https://raw.githubusercontent.com/PokeAPI/sprites/master/sprites/pokemon/610.png
611,Fraxure,Rivalry,dragon,Axe Jaw Pokemon,66,117,70,40,50,67,611,60,1,36,5,0,50,1250000,https://raw.githubusercontent.com/PokeAPI/sprites/master/sprites/pokemon/611.png
612,Haxorus,Rivalry,dragon,Axe Jaw Pokemon,76,147,90,60,70,97,612,45,1.8,105.5,5,0,50,1250000,https://raw.githubusercontent.com/PokeAPI/sprites/master/sprites/pokemon/612.png
613,Cubchoo,Snow Cloak,ice,Chill Pokemon,55,70,40,60,40,40,613,120,0.5,8.5,5,0,50,1000000,https://raw.githubusercontent.com/PokeAPI/sprites/master/sprites/pokemon/613.png
614,Beartic,Snow Cloak,ice,Freezing Pokemon,95,130,80,70,80,50,614,60,2.6,260,5,0,50,1000000,https://raw.githubusercontent.com/PokeAPI/sprites/master/sprites/pokemon/614.png
615,Cryogonal,Levitate,ice,Crystallizing Pokemon,80,50,50,95,135,105,615,25,1.1,148,5,0,,1000000,https://raw.githubusercontent.com/PokeAPI/sprites/master/sprites/pokemon/615.png
616,Shelmet,Hydration,bug,Snail Pokemon,50,40,85,40,65,25,616,200,0.4,7.7,5,0,50,1000000,https://raw.githubusercontent.com/PokeAPI/sprites/master/sprites/pokemon/616.png
617,Accelgor,Hydration,bug,Shell Out Pokemon,80,70,40,100,60,145,617,75,0.8,25.3,5,0,50,1000000,https://raw.githubusercontent.com/PokeAPI/sprites/master/sprites/pokemon/617.png
618,Stunfisk,Static,ground,Trap Pokemon,109,66,84,81,99,32,618,75,0.7,11,5,0,50,1000000,https://raw.githubusercontent.com/PokeAPI/sprites/master/sprites/pokemon/618.png
619,Mienfoo,Inner Focus,fighting,Martial Arts Pokemon,45,85,50,55,50,65,619,180,0.9,20,5,0,50,1059860,https://raw.githubusercontent.com/PokeAPI/sprites/master/sprites/pokemon/619.png
620,Mienshao,Inner Focus,fighting,Martial Arts Pokemon,65,125,60,95,60,105,620,45,1.4,35.5,5,0,50,1059860,https://raw.githubusercontent.com/PokeAPI/sprites/master/sprites/pokemon/620.png
621,Druddigon,Rough Skin,dragon,Cave Pokemon,77,120,90,60,90,48,621,45,1.6,139,5,0,50,1000000,https://raw.githubusercontent.com/PokeAPI/sprites/master/sprites/pokemon/621.png
622,Golett,Iron Fist,ground,Automaton Pokemon,59,74,50,35,50,35,622,190,1,92,5,0,,1000000,https://raw.githubusercontent.com/PokeAPI/sprites/master/sprites/pokemon/622.png
623,Golurk,Iron Fist,ground,Automaton Pokemon,89,124,80,55,80,55,623,90,2.8,330,5,0,,1000000,https://raw.githubusercontent.com/PokeAPI/sprites/master/sprites/pokemon/623.png
624,Pawniard,Defiant,dark,Sharp Blade Pokemon,45,85,70,40,40,60,624,120,0.5,10.2,5,0,50,1000000,https://raw.githubusercontent.com/PokeAPI/sprites/master/sprites/pokemon/624.png
625,Bisharp,Defiant,dark,Sword Blade Pokemon,65,125,100,60,70,70,625,45,1.6,70,5,0,50,1000000,https://raw.githubusercontent.com/PokeAPI/sprites/master/sprites/pokemon/625.png
626,Bouffalant,Reckless,normal,Bash Buffalo Pokemon,95,110,95,40,95,55,626,45,1.6,94.6,5,0,50,1000000,https://raw.githubusercontent.com/PokeAPI/sprites/master/sprites/pokemon/626.png
627,Rufflet,Keen Eye,normal,Eaglet Pokemon,70,83,50,37,50,60,627,190,0.5,10.5,5,0,100,1250000,https://raw.githubusercontent.com/PokeAPI/sprites/master/sprites/pokemon/627.png
628,Braviary,Keen Eye,normal,Valiant Pokemon,100,123,75,57,75,80,628,60,1.5,41,5,0,100,1250000,https://raw.githubusercontent.com/PokeAPI/sprites/master/sprites/pokemon/628.png
629,Vullaby,Big Pecks,dark,Diapered Pokemon,70,55,75,45,65,60,629,190,0.5,9,5,0,0,1250000,https://raw.githubusercontent.com/PokeAPI/sprites/master/sprites/pokemon/629.png
630,Mandibuzz,Big Pecks,dark,Bone Vulture Pokemon,110,65,105,55,95,80,630,60,1.2,39.5,5,0,0,1250000,https://raw.githubusercontent.com/PokeAPI/sprites/master/sprites/pokemon/630.png
631,Heatmor,Gluttony,fire,Anteater Pokemon,85,97,66,105,66,65,631,90,1.4,58,5,0,50,1000000,https://raw.githubusercontent.com/PokeAPI/sprites/master/sprites/pokemon/631.png
632,Durant,Swarm,bug,Iron Ant Pokemon,58,109,112,48,48,109,632,90,0.3,33,5,0,50,1000000,https://raw.githubusercontent.com/PokeAPI/sprites/master/sprites/pokemon/632.png
633,Deino,Hustle,dark,Irate Pokemon,52,65,50,45,50,38,633,45,0.8,17.3,5,0,50,1250000,https://raw.githubusercontent.com/PokeAPI/sprites/master/sprites/pokemon/633.png
634,Zweilous,Hustle,dark,Hostile Pokemon,72,85,70,65,70,58,634,45,1.4,50,5,0,50,1250000,https://raw.githubusercontent.com/PokeAPI/sprites/master/sprites/pokemon/634.png
635,Hydreigon,Levitate,dark,Brutal Pokemon,92,105,90,125,90,98,635,45,1.8,160,5,0,50,1250000,https://raw.githubusercontent.com/PokeAPI/sprites/master/sprites/pokemon/635.png
636,Larvesta,Flame Body,bug,Torch Pokemon,55,85,55,50,55,60,636,45,1.1,28.8,5,0,50,1250000,https://raw.githubusercontent.com/PokeAPI/sprites/master/sprites/pokemon/636.png
637,Volcarona,Flame Body,bug,Sun Pokemon,85,60,65,135,105,100,637,15,1.6,46,5,0,50,1250000,https://raw.githubusercontent.com/PokeAPI/sprites/master/sprites/pokemon/637.png
638,Cobalion,Justified,steel,Iron Will Pokemon,91,90,129,90,72,108,638,3,2.1,250,5,1,,1250000,https://raw.githubusercontent.com/PokeAPI/sprites/master/sprites/pokemon/638.png
639,Terrakion,Justified,rock,Cavern Pokemon,91,129,90,72,90,108,639,3,1.9,260,5,1,,1250000,https://raw.githubusercontent.com/PokeAPI/sprites/master/sprites/pokemon/639.png
640,Virizion,Justified,grass,Grassland Pokemon,91,90,72,90,129,108,640,3,2,200,5,1,,1250000,https://raw.githubusercontent.com/PokeAPI/sprites/master/sprites/pokemon/640.png
641,Tornadus,Prankster,flying,Cyclone Pokemon,79,100,80,110,90,121,641,3,1.5,63,5,1,100,1250000,https://raw.githubusercontent.com/PokeAPI/sprites/master/sprites/pokemon/641.png
642,Thundurus,Prankster,electric,Bolt Strike Pokemon,79,105,70,145,80,101,642,3,1.5,61,5,1,100,1250000,https://raw.githubusercontent.com/PokeAPI/sprites/master/sprites/pokemon/642.png
643,Reshiram,Turboblaze,dragon,Vast White Pokemon,100,120,100,150,120,90,643,3,3.2,330,5,1,,1250000,https://raw.githubusercontent.com/PokeAPI/sprites/master/sprites/pokemon/643.png
644,Zekrom,Teravolt,dragon,Deep Black Pokemon,100,150,120,120,100,90,644,3,2.9,345,5,1,,1250000,https://raw.githubusercontent.com/PokeAPI/sprites/master/sprites/pokemon/644.png
645,Landorus,Sand Force,ground,Abundance Pokemon,89,145,90,105,80,91,645,3,1.5,68,5,1,100,1250000,https://raw.githubusercontent.com/PokeAPI/sprites/master/sprites/pokemon/645.png
646,Kyurem,Pressure,dragon,Boundary Pokemon,125,120,90,170,100,95,646,3,3,325,5,1,,1250000,https://raw.githubusercontent.com/PokeAPI/sprites/master/sprites/pokemon/646.png
647,Keldeo,Justified,water,Colt Pokemon,91,72,90,129,90,108,647,3,1.4,48.5,5,1,,1250000,https://raw.githubusercontent.com/PokeAPI/sprites/master/sprites/pokemon/647.png
648,Meloetta,Serene Grace,normal,Melody Pokemon,100,128,90,77,77,128,648,3,0.6,6.5,5,1,,1250000,https://raw.githubusercontent.com/PokeAPI/sprites/master/sprites/pokemon/648.png
649,Genesect,Download,bug,Paleozoic Pokemon,71,120,95,120,95,99,649,3,1.5,82.5,5,1,,1250000,https://raw.githubusercontent.com/PokeAPI/sprites/master/sprites/pokemon/649.png
650,Chespin,Overgrow,grass,Spiky Nut Pokemon,56,61,65,48,45,38,650,45,0.4,9,6,0,88.1,1059860,https://raw.githubusercontent.com/PokeAPI/sprites/master/sprites/pokemon/650.png
651,Quilladin,Overgrow,grass,Spiny Armor Pokemon,61,78,95,56,58,57,651,45,0.7,29,6,0,88.1,1059860,https://raw.githubusercontent.com/PokeAPI/sprites/master/sprites/pokemon/651.png
652,Chesnaught,Overgrow,grass,Spiny Armor Pokemon,88,107,122,74,75,64,652,45,1.6,90,6,0,88.1,1059860,https://raw.githubusercontent.com/PokeAPI/sprites/master/sprites/pokemon/652.png
653,Fennekin,Blaze,fire,Fox Pokemon,40,45,40,62,60,60,653,45,0.4,9.4,6,0,88.1,1059860,https://raw.githubusercontent.com/PokeAPI/sprites/master/sprites/pokemon/653.png
654,Braixen,Blaze,fire,Fox Pokemon,59,59,58,90,70,73,654,45,1,14.5,6,0,88.1,1059860,https://raw.githubusercontent.com/PokeAPI/sprites/master/sprites/pokemon/654.png
655,Delphox,Blaze,fire,Fox Pokemon,75,69,72,114,100,104,655,45,1.5,39,6,0,88.1,1059860,https://raw.githubusercontent.com/PokeAPI/sprites/master/sprites/pokemon/655.png
656,Froakie,Torrent,water,Bubble Frog Pokemon,41,56,40,62,44,71,656,45,0.3,7,6,0,88.1,1059860,https://raw.githubusercontent.com/PokeAPI/sprites/master/sprites/pokemon/656.png
657,Frogadier,Torrent,water,Bubble Frog Pokemon,54,63,52,83,56,97,657,45,0.6,10.9,6,0,88.1,1059860,https://raw.githubusercontent.com/PokeAPI/sprites/master/sprites/pokemon/657.png
658,Greninja,Torrent,water,Ninja Pokemon,72,145,67,153,71,132,658,45,1.5,40,6,0,88.1,1059860,https://raw.githubusercontent.com/PokeAPI/sprites/master/sprites/pokemon/658.png
659,Bunnelby,Pickup,normal,Digging Pokemon,38,36,38,32,36,57,659,255,0.4,5,6,0,50,1000000,https://raw.githubusercontent.com/PokeAPI/sprites/master/sprites/pokemon/659.png
660,Diggersby,Pickup,normal,Digging Pokemon,85,56,77,50,77,78,660,127,1,42.4,6,0,50,1000000,https://raw.githubusercontent.com/PokeAPI/sprites/master/sprites/pokemon/660.png
661,Fletchling,Big Pecks,normal,Tiny Robin Pokemon,45,50,43,40,38,62,661,255,0.3,1.7,6,0,50,1059860,https://raw.githubusercontent.com/PokeAPI/sprites/master/sprites/pokemon/661.png
662,Fletchinder,Flame Body,fire,Ember Pokemon,62,73,55,56,52,84,662,120,0.7,16,6,0,50,1059860,https://raw.githubusercontent.com/PokeAPI/sprites/master/sprites/pokemon/662.png
663,Talonflame,Flame Body,fire,Scorching Pokemon,78,81,71,74,69,126,663,45,1.2,24.5,6,0,50,1059860,https://raw.githubusercontent.com/PokeAPI/sprites/master/sprites/pokemon/663.png
664,Scatterbug,Shield Dust,bug,Scatterdust Pokemon,38,35,40,27,25,35,664,255,0.3,2.5,6,0,50,1000000,https://raw.githubusercontent.com/PokeAPI/sprites/master/sprites/pokemon/664.png
665,Spewpa,Shed Skin,bug,Scatterdust Pokemon,45,22,60,27,30,29,665,120,0.3,8.4,6,0,50,1000000,https://raw.githubusercontent.com/PokeAPI/sprites/master/sprites/pokemon/665.png
666,Vivillon,Shield Dust,bug,Scale Pokemon,80,52,50,90,50,89,666,45,1.2,17,6,0,50,1000000,https://raw.githubusercontent.com/PokeAPI/sprites/master/sprites/pokemon/666.png
667,Litleo,Rivalry,fire,Lion Cub Pokemon,62,50,58,73,54,72,667,220,0.6,13.5,6,0,11.2,1059860,https://raw.githubusercontent.com/PokeAPI/sprites/master/sprites/pokemon/667.png
668,Pyroar,Rivalry,fire,Royal Pokemon,86,68,72,109,66,106,668,65,1.5,81.5,6,0,11.2,1059860,https://raw.githubusercontent.com/PokeAPI/sprites/master/sprites/pokemon/668.png
669,Flaba,Flower Veil,fairy,Single Bloom Pokemon,44,38,39,61,79,42,669,225,0.1,0.1,6,0,0,1000000,https://raw.githubusercontent.com/PokeAPI/sprites/master/sprites/pokemon/669.png
670,Floette,Flower Veil,fairy,Fairy Pokemon,74,65,67,125,128,92,670,120,0.2,0.9,6,0,0,1000000,https://raw.githubusercontent.com/PokeAPI/sprites/master/sprites/pokemon/670.png
671,Florges,Flower Veil,fairy,Garden Pokemon,78,65,68,112,154,75,671,45,1.1,10,6,0,0,1000000,https://raw.githubusercontent.com/PokeAPI/sprites/master/sprites/pokemon/671.png
672,Skiddo,Sap Sipper,grass,Mount Pokemon,66,65,48,62,57,52,672,200,0.9,31,6,0,50,1000000,https://raw.githubusercontent.com/PokeAPI/sprites/master/sprites/pokemon/672.png
673,Gogoat,Sap Sipper,grass,Mount Pokemon,123,100,62,97,81,68,673,45,1.7,91,6,0,50,1000000,https://raw.githubusercontent.com/PokeAPI/sprites/master/sprites/pokemon/673.png
674,Pancham,Iron Fist,fighting,Playful Pokemon,67,82,62,46,48,43,674,220,0.6,8,6,0,50,1000000,https://raw.githubusercontent.com/PokeAPI/sprites/master/sprites/pokemon/674.png
675,Pangoro,Iron Fist,fighting,Daunting Pokemon,95,124,78,69,71,58,675,65,2.1,136,6,0,50,1000000,https://raw.githubusercontent.com/PokeAPI/sprites/master/sprites/pokemon/675.png
676,Furfrou,Fur Coat,normal,Poodle Pokemon,75,80,60,65,90,102,676,160,1.2,28,6,0,50,1000000,https://raw.githubusercontent.com/PokeAPI/sprites/master/sprites/pokemon/676.png
677,Espurr,Keen Eye,psychic,Restraint Pokemon,62,48,54,63,60,68,677,190,0.3,3.5,6,0,50,1000000,https://raw.githubusercontent.com/PokeAPI/sprites/master/sprites/pokemon/677.png
678,Meowstic,Keen Eye,psychic,Constraint Pokemon,74,48,76,83,81,104,678,75,0.6,8.5,6,0,50,1000000,https://raw.githubusercontent.com/PokeAPI/sprites/master/sprites/pokemon/678.png
679,Honedge,No Guard,steel,Sword Pokemon,45,80,100,35,37,28,679,180,0.8,2,6,0,50,1000000,https://raw.githubusercontent.com/PokeAPI/sprites/master/sprites/pokemon/679.png
680,Doublade,No Guard,steel,Sword Pokemon,59,110,150,45,49,35,680,90,0.8,4.5,6,0,50,1000000,https://raw.githubusercontent.com/PokeAPI/sprites/master/sprites/pokemon/680.png
681,Aegislash,Stance Change,steel,Royal Sword Pokemon,60,150,50,150,50,60,681,45,1.7,53,6,0,50,1000000,https://raw.githubusercontent.com/PokeAPI/sprites/master/sprites/pokemon/681.png
682,Spritzee,Healer,fairy,Perfume Pokemon,78,52,60,63,65,23,682,200,0.2,0.5,6,0,50,1000000,https://raw.githubusercontent.com/PokeAPI/sprites/master/sprites/pokemon/682.png
683,Aromatisse,Healer,fairy,Fragrance Pokemon,101,72,72,99,89,29,683,140,0.8,15.5,6,0,50,1000000,https://raw.githubusercontent.com/PokeAPI/sprites/master/sprites/pokemon/683.png
684,Swirlix,Sweet Veil,fairy,Cotton Candy Pokemon,62,48,66,59,57,49,684,200,0.4,3.5,6,0,50,1000000,https://raw.githubusercontent.com/PokeAPI/sprites/master/sprites/pokemon/684.png
685,Slurpuff,Sweet Veil,fairy,Meringue Pokemon,82,80,86,85,75,72,685,140,0.8,5,6,0,50,1000000,https://raw.githubusercontent.com/PokeAPI/sprites/master/sprites/pokemon/685.png
686,Inkay,Contrary,dark,Revolving Pokemon,53,54,53,37,46,45,686,190,0.4,3.5,6,0,50,1000000,https://raw.githubusercontent.com/PokeAPI/sprites/master/sprites/pokemon/686.png
687,Malamar,Contrary,dark,Overturning Pokemon,86,92,88,68,75,73,687,80,1.5,47,6,0,50,1000000,https://raw.githubusercontent.com/PokeAPI/sprites/master/sprites/pokemon/687.png
688,Binacle,Tough Claws,rock,Two-Handed Pokemon,42,52,67,39,56,50,688,120,0.5,31,6,0,50,1000000,https://raw.githubusercontent.com/PokeAPI/sprites/master/sprites/pokemon/688.png
689,Barbaracle,Tough Claws,rock,Collective Pokemon,72,105,115,54,86,68,689,45,1.3,96,6,0,50,1000000,https://raw.githubusercontent.com/PokeAPI/sprites/master/sprites/pokemon/689.png
690,Skrelp,Poison Point,poison,Mock Kelp Pokemon,50,60,60,60,60,30,690,225,0.5,7.3,6,0,50,1000000,https://raw.githubusercontent.com/PokeAPI/sprites/master/sprites/pokemon/690.png
691,Dragalge,Poison Point,poison,Mock Kelp Pokemon,65,75,90,97,123,44,691,55,1.8,81.5,6,0,50,1000000,https://raw.githubusercontent.com/PokeAPI/sprites/master/sprites/pokemon/691.png
692,Clauncher,Mega Launcher,water,Water Gun Pokemon,50,53,62,58,63,44,692,225,0.5,8.3,6,0,50,1250000,https://raw.githubusercontent.com/PokeAPI/sprites/master/sprites/pokemon/692.png
693,Clawitzer,Mega Launcher,water,Howitzer Pokemon,71,73,88,120,89,59,693,55,1.3,35.3,6,0,50,1250000,https://raw.githubusercontent.com/PokeAPI/sprites/master/sprites/pokemon/693.png
694,Helioptile,Dry Skin,electric,Generator Pokemon,44,38,33,61,43,70,694,190,0.5,6,6,0,50,1000000,https://raw.githubusercontent.com/PokeAPI/sprites/master/sprites/pokemon/694.png
695,Heliolisk,Dry Skin,electric,Generator Pokemon,62,55,52,109,94,109,695,75,1,21,6,0,50,1000000,https://raw.githubusercontent.com/PokeAPI/sprites/master/sprites/pokemon/695.png
696,Tyrunt,Strong Jaw,rock,Royal Heir Pokemon,58,89,77,45,45,48,696,45,0.8,26,6,0,88.1,1000000,https://raw.githubusercontent.com/PokeAPI/sprites/master/sprites/pokemon/696.png
697,Tyrantrum,Strong Jaw,rock,Despot Pokemon,82,121,119,69,59,71,697,45,2.5,270,6,0,88.1,1000000,https://raw.githubusercontent.com/PokeAPI/sprites/master/sprites/pokemon/697.png
698,Amaura,Refrigerate,rock,Tundra Pokemon,77,59,50,67,63,46,698,45,1.3,25.2,6,0,88.1,1000000,https://raw.githubusercontent.com/PokeAPI/sprites/master/sprites/pokemon/698.png
699,Aurorus,Refrigerate,rock,Tundra Pokemon,123,77,72,99,92,58,699,45,2.7,225,6,0,88.1,1000000,https://raw.githubusercontent.com/PokeAPI/sprites/master/sprites/pokemon/699.png
700,Sylveon,Cute Charm,fairy,Intertwining Pokemon,95,65,65,110,130,60,700,45,1,23.5,6,0,88.1,1000000,https://raw.githubusercontent.com/PokeAPI/sprites/master/sprites/pokemon/700.png
701,Hawlucha,Limber,fighting,Wrestling Pokemon,78,92,75,74,63,118,701,100,0.8,21.5,6,0,50,1000000,https://raw.githubusercontent.com/PokeAPI/sprites/master/sprites/pokemon/701.png
702,Dedenne,Cheek Pouch,electric,Antenna Pokemon,67,58,57,81,67,101,702,180,0.2,2.2,6,0,50,1000000,https://raw.githubusercontent.com/PokeAPI/sprites/master/sprites/pokemon/702.png
703,Carbink,Clear Body,rock,Jewel Pokemon,50,50,150,50,150,50,703,60,0.3,5.7,6,0,,1250000,https://raw.githubusercontent.com/PokeAPI/sprites/master/sprites/pokemon/703.png
704,Goomy,Sap Sipper,dragon,Soft Tissue Pokemon,45,50,35,55,75,40,704,45,0.3,2.8,6,0,50,1250000,https://raw.githubusercontent.com/PokeAPI/sprites/master/sprites/pokemon/704.png
705,Sliggoo,Sap Sipper,dragon,Soft Tissue Pokemon,68,75,53,83,113,60,705,45,0.8,17.5,6,0,50,1250000,https://raw.githubusercontent.com/PokeAPI/sprites/master/sprites/pokemon/705.png
706,Goodra,Sap Sipper,dragon,Dragon Pokemon,90,100,70,110,150,80,706,45,2,150.5,6,0,50,1250000,https://raw.githubusercontent.com/PokeAPI/sprites/master/sprites/pokemon/706.png
707,Klefki,Prankster,steel,Key Ring Pokemon,57,80,91,80,87,75,707,75,0.2,3,6,0,50,800000,https://raw.githubusercontent.com/PokeAPI/sprites/master/sprites/pokemon/707.png
708,Phantump,Natural Cure,ghost,Stump Pokemon,43,70,48,50,60,38,708,120,0.4,7,6,0,50,1000000,https://raw.githubusercontent.com/PokeAPI/sprites/master/sprites/pokemon/708.png
709,Trevenant,Natural Cure,ghost,Elder Tree Pokemon,85,110,76,65,82,56,709,60,1.5,71,6,0,50,1000000,https://raw.githubusercontent.com/PokeAPI/sprites/master/sprites/pokemon/709.png
710,Pumpkaboo,Pickup,ghost,Pumpkin Pokemon,59,66,70,44,55,41,710,120,0.8,15,6,0,50,1000000,https://raw.githubusercontent.com/PokeAPI/sprites/master/sprites/pokemon/710.png
711,Gourgeist,Pickup,ghost,Pumpkin Pokemon,85,100,122,58,75,54,711,60,1.7,39,6,0,50,1000000,https://raw.githubusercontent.com/PokeAPI/sprites/master/sprites/pokemon/711.png
712,Bergmite,Own Tempo,ice,Ice Chunk Pokemon,55,69,85,32,35,28,712,190,1,99.5,6,0,50,1000000,https://raw.githubusercontent.com/PokeAPI/sprites/master/sprites/pokemon/712.png
713,Avalugg,Own Tempo,ice,Iceberg Pokemon,95,117,184,44,46,28,713,55,2,505,6,0,50,1000000,https://raw.githubusercontent.com/PokeAPI/sprites/master/sprites/pokemon/713.png
714,Noibat,Frisk,flying,Sound Wave Pokemon,40,30,35,45,40,55,714,190,0.5,8,6,0,50,1000000,https://raw.githubusercontent.com/PokeAPI/sprites/master/sprites/pokemon/714.png
715,Noivern,Frisk,flying,Sound Wave Pokemon,85,70,80,97,80,123,715,45,1.5,85,6,0,50,1000000,https://raw.githubusercontent.com/PokeAPI/sprites/master/sprites/pokemon/715.png
716,Xerneas,Fairy Aura,fairy,Life Pokemon,126,131,95,131,98,99,716,45,3,215,6,1,,1250000,https://raw.githubusercontent.com/PokeAPI/sprites/master/sprites/pokemon/716.png
717,Yveltal,Dark Aura,dark,Destruction Pokemon,126,131,95,131,98,99,717,45,5.8,203,6,1,,1250000,https://raw.githubusercontent.com/PokeAPI/sprites/master/sprites/pokemon/717.png
718,Zygarde,Aura Break,dragon,Order Pokemon,216,100,121,91,95,85,718,3,5,284.6,6,1,,1250000,https://raw.githubusercontent.com/PokeAPI/sprites/master/sprites/pokemon/718.png
719,Diancie,Clear Body,rock,Jewel Pokemon,50,160,110,160,110,110,719,3,0.7,8.8,6,1,,1250000,https://raw.githubusercontent.com/PokeAPI/sprites/master/sprites/pokemon/719.png
720,Hoopa,Magician,psychic,Mischief Pokemon (Confined)Djinn Pokemonn (Unbound),80,160,60,170,130,80,720,3,,,6,1,,1250000,https://raw.githubusercontent.com/PokeAPI/sprites/master/sprites/pokemon/720.png
721,Volcanion,Water Absorb,fire,Steam Pokemon,80,110,120,130,90,70,721,3,1.7,195,6,1,,1250000,https://raw.githubusercontent.com/PokeAPI/sprites/master/sprites/pokemon/721.png
722,Rowlet,Overgrow,grass,Grass Quill Pokemon,68,55,55,50,50,42,722,45,0.3,1.5,7,0,88.1,1059860,https://raw.githubusercontent.com/PokeAPI/sprites/master/sprites/pokemon/722.png
723,Dartrix,Overgrow,grass,Blade Quill Pokemon,78,75,75,70,70,52,723,45,0.7,16,7,0,88.1,1059860,https://raw.githubusercontent.com/PokeAPI/sprites/master/sprites/pokemon/723.png
724,Decidueye,Overgrow,grass,Arrow Quill Pokemon,78,107,75,100,100,70,724,45,1.6,36.6,7,0,88.1,1059860,https://raw.githubusercontent.com/PokeAPI/sprites/master/sprites/pokemon/724.png
725,Litten,Blaze,fire,Fire Cat Pokemon,45,65,40,60,40,70,725,45,0.4,4.3,7,0,88.1,1059860,https://raw.githubusercontent.com/PokeAPI/sprites/master/sprites/pokemon/725.png
726,Torracat,Blaze,fire,Fire Cat Pokemon,65,85,50,80,50,90,726,45,0.7,25,7,0,88.1,1059860,https://raw.githubusercontent.com/PokeAPI/sprites/master/sprites/pokemon/726.png
727,Incineroar,Blaze,fire,Heel Pokemon,95,115,90,80,90,60,727,45,1.8,83,7,0,88.1,1059860,https://raw.githubusercontent.com/PokeAPI/sprites/master/sprites/pokemon/727.png
728,Popplio,Torrent,water,Sea Lion Pokemon,50,54,54,66,56,40,728,45,0.4,7.5,7,0,88.1,1059860,https://raw.githubusercontent.com/PokeAPI/sprites/master/sprites/pokemon/728.png
729,Brionne,Torrent,water,Pop Star Pokemon,60,69,69,91,81,50,729,45,0.6,17.5,7,0,88.1,1059860,https://raw.githubusercontent.com/PokeAPI/sprites/master/sprites/pokemon/729.png
730,Primarina,Torrent,water,Soloist Pokemon,80,74,74,126,116,60,730,45,1.8,44,7,0,88.1,1059860,https://raw.githubusercontent.com/PokeAPI/sprites/master/sprites/pokemon/730.png
731,Pikipek,Keen Eye,normal,Woodpecker Pokemon,35,75,30,30,30,65,731,255,0.3,1.2,7,0,50,1000000,https://raw.githubusercontent.com/PokeAPI/sprites/master/sprites/pokemon/731.png
732,Trumbeak,Keen Eye,normal,Bugle Beak Pokemon,55,85,50,40,50,75,732,120,0.6,14.8,7,0,50,1000000,https://raw.githubusercontent.com/PokeAPI/sprites/master/sprites/pokemon/732.png
733,Toucannon,Keen Eye,normal,Cannon Pokemon,80,120,75,75,75,60,733,45,1.1,26,7,0,50,1000000,https://raw.githubusercontent.com/PokeAPI/sprites/master/sprites/pokemon/733.png
734,Yungoos,Stakeout,normal,Loitering Pokemon,48,70,30,30,30,45,734,255,0.4,6,7,0,50,1000000,https://raw.githubusercontent.com/PokeAPI/sprites/master/sprites/pokemon/734.png
735,Gumshoos,Stakeout,normal,Stakeout Pokemon,88,110,60,55,60,45,735,127,0.7,14.2,7,0,50,1000000,https://raw.githubusercontent.com/PokeAPI/sprites/master/sprites/pokemon/735.png
736,Grubbin,Swarm,bug,Larva Pokemon,47,62,45,55,45,46,736,255,0.4,4.4,7,0,50,1000000,https://raw.githubusercontent.com/PokeAPI/sprites/master/sprites/pokemon/736.png
737,Charjabug,Battery,bug,Battery Pokemon,57,82,95,55,75,36,737,120,0.5,10.5,7,0,50,1000000,https://raw.githubusercontent.com/PokeAPI/sprites/master/sprites/pokemon/737.png
738,Vikavolt,Levitate,bug,Stag Beetle Pokemon,77,70,90,145,75,43,738,45,1.5,45,7,0,50,1000000,https://raw.githubusercontent.com/PokeAPI/sprites/master/sprites/pokemon/738.png
739,Crabrawler,Hyper Cutter,fighting,Boxing Pokemon,47,82,57,42,47,63,739,225,0.6,7,7,0,50,1000000,https://raw.githubusercontent.com/PokeAPI/sprites/master/sprites/pokemon/739.png
740,Crabominable,Hyper Cutter,fighting,Woolly Crab Pokemon,97,132,77,62,67,43,740,60,1.7,180,7,0,50,1000000,https://raw.githubusercontent.com/PokeAPI/sprites/master/sprites/pokemon/740.png
741,Oricorio,Dancer,fire,Dancing Pokemon,75,70,70,98,70,93,741,45,0.6,3.4,7,0,24.6,1000000,https://raw.githubusercontent.com/PokeAPI/sprites/master/sprites/pokemon/741.png
742,Cutiefly,Honey Gather,bug,Bee Fly Pokemon,40,45,40,55,40,84,742,190,0.1,0.2,7,0,50,1000000,https://raw.githubusercontent.com/PokeAPI/sprites/master/sprites/pokemon/742.png
743,Ribombee,Honey Gather,bug,Bee Fly Pokemon,60,55,60,95,70,124,743,75,0.2,0.5,7,0,50,1000000,https://raw.githubusercontent.com/PokeAPI/sprites/master/sprites/pokemon/743.png
744,Rockruff,Keen Eye,rock,Puppy Pokemon,45,65,40,30,40,60,744,190,0.5,9.2,7,0,50,1000000,https://raw.githubusercontent.com/PokeAPI/sprites/master/sprites/pokemon/744.png
745,Lycanroc,Keen Eye,rock,Wolf Pokemon,85,115,75,55,75,82,745,90,,,7,0,50,1000000,https://raw.githubusercontent.com/PokeAPI/sprites/master/sprites/pokemon/745.png
746,Wishiwashi,Schooling,water,Small Fry Pokemon,45,140,130,140,135,30,746,60,0.2,0.3,7,0,50,800000,https://raw.githubusercontent.com/PokeAPI/sprites/master/sprites/pokemon/746.png
747,Mareanie,Merciless,poison,Brutal Star Pokemon,50,53,62,43,52,45,747,190,0.4,8,7,0,50,1000000,https://raw.githubusercontent.com/PokeAPI/sprites/master/sprites/pokemon/747.png
748,Toxapex,Merciless,poison,Brutal Star Pokemon,50,63,152,53,142,35,748,75,0.7,14.5,7,0,50,1000000,https://raw.githubusercontent.com/PokeAPI/sprites/master/sprites/pokemon/748.png
749,Mudbray,Own Tempo,ground,Donkey Pokemon,70,100,70,45,55,45,749,190,1,110,7,0,50,1000000,https://raw.githubusercontent.com/PokeAPI/sprites/master/sprites/pokemon/749.png
750,Mudsdale,Own Tempo,ground,Draft Horse Pokemon,100,125,100,55,85,35,750,60,2.5,920,7,0,50,1000000,https://raw.githubusercontent.com/PokeAPI/sprites/master/sprites/pokemon/750.png
751,Dewpider,Water Bubble,water,Water Bubble Pokemon,38,40,52,40,72,27,751,200,0.3,4,7,0,50,1000000,https://raw.githubusercontent.com/PokeAPI/sprites/master/sprites/pokemon/751.png
752,Araquanid,Water Bubble,water,Water Bubble Pokemon,68,70,92,50,132,42,752,100,1.8,82,7,0,50,1000000,https://raw.githubusercontent.com/PokeAPI/sprites/master/sprites/pokemon/752.png
753,Fomantis,Leaf Guard,grass,Sickle Grass Pokemon,40,55,35,50,35,35,753,190,0.3,1.5,7,0,50,1000000,https://raw.githubusercontent.com/PokeAPI/sprites/master/sprites/pokemon/753.png
754,Lurantis,Leaf Guard,grass,Bloom Sickle Pokemon,70,105,90,80,90,45,754,75,0.9,18.5,7,0,50,1000000,https://raw.githubusercontent.com/PokeAPI/sprites/master/sprites/pokemon/754.png
755,Morelull,Illuminate,grass,Illuminating Pokemon,40,35,55,65,75,15,755,190,0.2,1.5,7,0,50,1000000,https://raw.githubusercontent.com/PokeAPI/sprites/master/sprites/pokemon/755.png
756,Shiinotic,Illuminate,grass,Illuminating Pokemon,60,45,80,90,100,30,756,75,1,11.5,7,0,50,1000000,https://raw.githubusercontent.com/PokeAPI/sprites/master/sprites/pokemon/756.png
757,Salandit,Corrosion,poison,Toxic Lizard Pokemon,48,44,40,71,40,77,757,120,0.6,4.8,7,0,88.1,1000000,https://raw.githubusercontent.com/PokeAPI/sprites/master/sprites/pokemon/757.png
758,Salazzle,Corrosion,poison,Toxic Lizard Pokemon,68,64,60,111,60,117,758,45,1.2,22.2,7,0,0,1000000,https://raw.githubusercontent.com/PokeAPI/sprites/master/sprites/pokemon/758.png
759,Stufful,Fluffy,normal,Flailing Pokemon,70,75,50,45,50,50,759,140,0.5,6.8,7,0,50,1000000,https://raw.githubusercontent.com/PokeAPI/sprites/master/sprites/pokemon/759.png
760,Bewear,Fluffy,normal,Strong Arm Pokemon,120,125,80,55,60,60,760,70,2.1,135,7,0,50,1000000,https://raw.githubusercontent.com/PokeAPI/sprites/master/sprites/pokemon/760.png
761,Bounsweet,Leaf Guard,grass,Fruit Pokemon,42,30,38,30,38,32,761,235,0.3,3.2,7,0,0,1059860,https://raw.githubusercontent.com/PokeAPI/sprites/master/sprites/pokemon/761.png
762,Steenee,Leaf Guard,grass,Fruit Pokemon,52,40,48,40,48,62,762,120,0.7,8.2,7,0,0,1059860,https://raw.githubusercontent.com/PokeAPI/sprites/master/sprites/pokemon/762.png
763,Tsareena,Leaf Guard,grass,Fruit Pokemon,72,120,98,50,98,72,763,45,1.2,21.4,7,0,0,1059860,https://raw.githubusercontent.com/PokeAPI/sprites/master/sprites/pokemon/763.png
764,Comfey,Flower Veil,fairy,Posy Picker Pokemon,51,52,90,82,110,100,764,60,0.1,0.3,7,0,24.6,800000,https://raw.githubusercontent.com/PokeAPI/sprites/master/sprites/pokemon/764.png
765,Oranguru,Inner Focus,normal,Sage Pokemon,90,60,80,90,110,60,765,45,1.5,76,7,0,50,1250000,https://raw.githubusercontent.com/PokeAPI/sprites/master/sprites/pokemon/765.png
766,Passimian,Receiver,fighting,Teamwork Pokemon,100,120,90,40,60,80,766,45,2,82.8,7,0,50,1250000,https://raw.githubusercontent.com/PokeAPI/sprites/master/sprites/pokemon/766.png
767,Wimpod,Wimp Out,bug,Turn Tail Pokemon,25,35,40,20,30,80,767,90,0.5,12,7,0,50,1000000,https://raw.githubusercontent.com/PokeAPI/sprites/master/sprites/pokemon/767.png
768,Golisopod,Emergency Exit,bug,Hard Scale Pokemon,75,125,140,60,90,40,768,45,2,108,7,0,50,1000000,https://raw.githubusercontent.com/PokeAPI/sprites/master/sprites/pokemon/768.png
769,Sandygast,Water Compaction,ghost,Sand Heap Pokemon,55,55,80,70,45,15,769,140,0.5,70,7,0,50,1000000,https://raw.githubusercontent.com/PokeAPI/sprites/master/sprites/pokemon/769.png
770,Palossand,Water Compaction,ghost,Sand Castle Pokemon,85,75,110,100,75,35,770,60,1.3,250,7,0,50,1000000,https://raw.githubusercontent.com/PokeAPI/sprites/master/sprites/pokemon/770.png
771,Pyukumuku,Innards Out,water,Sea Cucumber Pokemon,55,60,130,30,130,5,771,60,0.3,1.2,7,0,50,800000,https://raw.githubusercontent.com/PokeAPI/sprites/master/sprites/pokemon/771.png
772,Type: Null,Battle Armor,normal,Synthetic Pokemon,95,95,95,95,95,59,772,3,1.9,120.5,7,0,,1250000,https://raw.githubusercontent.com/PokeAPI/sprites/master/sprites/pokemon/772.png
773,Silvally,RKS System,normal,Synthetic Pokemon,95,95,95,95,95,95,773,3,2.3,100.5,7,0,,1250000,https://raw.githubusercontent.com/PokeAPI/sprites/master/sprites/pokemon/773.png
774,Minior,Shields Down,rock,Meteor Pokemon,60,100,60,100,60,120,774,30 (Meteorite)255 (Core),0.3,40,7,0,,1059860,https://raw.githubusercontent.com/PokeAPI/sprites/master/sprites/pokemon/774.png
775,Komala,Comatose,normal,Drowsing Pokemon,65,115,65,75,95,65,775,45,0.4,19.9,7,0,50,1250000,https://raw.githubusercontent.com/PokeAPI/sprites/master/sprites/pokemon/775.png
776,Turtonator,Shell Armor,fire,Blast Turtle Pokemon,60,78,135,91,85,36,776,70,2,212,7,0,50,1000000,https://raw.githubusercontent.com/PokeAPI/sprites/master/sprites/pokemon/776.png
777,Togedemaru,Iron Barbs,electric,Roly-Poly Pokemon,65,98,63,40,73,96,777,180,0.3,3.3,7,0,50,1000000,https://raw.githubusercontent.com/PokeAPI/sprites/master/sprites/pokemon/777.png
778,Mimikyu,Disguise,ghost,Disguise Pokemon,55,90,80,50,105,96,778,45,0.2,0.7,7,0,50,1000000,https://raw.githubusercontent.com/PokeAPI/sprites/master/sprites/pokemon/778.png
779,Bruxish,Dazzling,water,Gnash Teeth Pokemon,68,105,70,70,70,92,779,80,0.9,19,7,0,50,1000000,https://raw.githubusercontent.com/PokeAPI/sprites/master/sprites/pokemon/779.png
780,Drampa,Berserk,normal,Placid Pokemon,78,60,85,135,91,36,780,70,3,185,7,0,50,1000000,https://raw.githubusercontent.com/PokeAPI/sprites/master/sprites/pokemon/780.png
781,Dhelmise,Steelworker,ghost,Sea Creeper Pokemon,70,131,100,86,90,40,781,25,3.9,210,7,0,,1000000,https://raw.githubusercontent.com/PokeAPI/sprites/master/sprites/pokemon/781.png
782,Jangmo-o,Bulletproof,dragon,Scaly Pokemon,45,55,65,45,45,45,782,45,0.6,29.7,7,0,50,1250000,https://raw.githubusercontent.com/PokeAPI/sprites/master/sprites/pokemon/782.png
783,Hakamo-o,Bulletproof,dragon,Scaly Pokemon,55,75,90,65,70,65,783,45,1.2,47,7,0,50,1250000,https://raw.githubusercontent.com/PokeAPI/sprites/master/sprites/pokemon/783.png
784,Kommo-o,Bulletproof,dragon,Scaly Pokemon,75,110,125,100,105,85,784,45,1.6,78.2,7,0,50,1250000,https://raw.githubusercontent.com/PokeAPI/sprites/master/sprites/pokemon/784.png
785,Tapu Koko,Electric Surge,electric,Land Spirit Pokemon,70,115,85,95,75,130,785,3,1.8,20.5,7,1,,1250000,https://raw.githubusercontent.com/PokeAPI/sprites/master/sprites/pokemon/785.png
786,Tapu Lele,Psychic Surge,psychic,Land Spirit Pokemon,70,85,75,130,115,95,786,3,1.2,18.6,7,1,,1250000,https://raw.githubusercontent.com/PokeAPI/sprites/master/sprites/pokemon/786.png
787,Tapu Bulu,Grassy Surge,grass,Land Spirit Pokemon,70,130,115,85,95,75,787,3,1.9,45.5,7,1,,1250000,https://raw.githubusercontent.com/PokeAPI/sprites/master/sprites/pokemon/787.png
788,Tapu Fini,Misty Surge,water,Land Spirit Pokemon,70,75,115,95,130,85,788,3,1.3,21.2,7,1,,1250000,https://raw.githubusercontent.com/PokeAPI/sprites/master/sprites/pokemon/788.png
789,Cosmog,Unaware,psychic,Nebula Pokemon,43,29,31,29,31,37,789,45,0.2,0.1,7,1,,1250000,https://raw.githubusercontent.com/PokeAPI/sprites/master/sprites/pokemon/789.png
790,Cosmoem,Sturdy,psychic,Protostar Pokemon,43,29,131,29,131,37,790,45,0.1,999.9,7,1,,1250000,https://raw.githubusercontent.com/PokeAPI/sprites/master/sprites/pokemon/790.png
791,Solgaleo,Full Metal Body,psychic,Sunne Pokemon,137,137,107,113,89,97,791,45,3.4,230,7,1,,1250000,https://raw.githubusercontent.com/PokeAPI/sprites/master/sprites/pokemon/791.png
792,Lunala,Shadow Shield,psychic,Moone Pokemon,137,113,89,137,107,97,792,45,4,120,7,1,,1250000,https://raw.githubusercontent.com/PokeAPI/sprites/master/sprites/pokemon/792.png
793,Nihilego,Beast Boost,rock,Parasite Pokemon,109,53,47,127,131,103,793,45,1.2,55.5,7,1,,1250000,https://raw.githubusercontent.com/PokeAPI/sprites/master/sprites/pokemon/793.png
794,Buzzwole,Beast Boost,bug,Swollen Pokemon,107,139,139,53,53,79,794,25,2.4,333.6,7,1,,1250000,https://raw.githubusercontent.com/PokeAPI/sprites/master/sprites/pokemon/794.png
795,Pheromosa,Beast Boost,bug,Lissome Pokemon,71,137,37,137,37,151,795,255,1.8,25,7,1,,1250000,https://raw.githubusercontent.com/PokeAPI/sprites/master/sprites/pokemon/795.png
796,Xurkitree,Beast Boost,electric,Glowing Pokemon,83,89,71,173,71,83,796,30,3.8,100,7,1,,1250000,https://raw.githubusercontent.com/PokeAPI/sprites/master/sprites/pokemon/796.png
797,Celesteela,Beast Boost,steel,Launch Pokemon,97,101,103,107,101,61,797,25,9.2,999.9,7,1,,1250000,https://raw.githubusercontent.com/PokeAPI/sprites/master/sprites/pokemon/797.png
798,Kartana,Beast Boost,grass,Drawn Sword Pokemon,59,181,131,59,31,109,798,255,0.3,0.1,7,1,,1250000,https://raw.githubusercontent.com/PokeAPI/sprites/master/sprites/pokemon/798.png
799,Guzzlord,Beast Boost,dark,Junkivore Pokemon,223,101,53,97,53,43,799,15,5.5,888,7,1,,1250000,https://raw.githubusercontent.com/PokeAPI/sprites/master/sprites/pokemon/799.png
800,Necrozma,Prism Armor,psychic,Prism Pokemon,97,107,101,127,89,79,800,3,2.4,230,7,1,,1250000,https://raw.githubusercontent.com/PokeAPI/sprites/master/sprites/pokemon/800.png
801,Magearna,Soul-Heart,steel,Artificial Pokemon,80,95,115,130,115,65,801,3,1,80.5,7,1,,1250000,https://raw.githubusercontent.com/PokeAPI/sprites/master/sprites/pokemon/801.png
